datehours,checkout_count
2018-01-03 10:00,30.0
2018-01-03 11:00,1.0
2018-01-03 12:00,1.0
2018-01-03 13:00,68.0
2018-01-03 14:00,111.0
2018-01-03 15:00,39.0
2018-01-03 16:00,82.0
2018-01-03 17:00,23.0
2018-01-03 18:00,2.0
2018-01-03 20:00,5.0
2018-01-03 8:00,10.0
2018-01-03 9:00,19.0
2018-01-04 10:00,39.0
2018-01-04 11:00,25.0
2018-01-04 12:00,32.0
2018-01-04 13:00,166.0
2018-01-04 14:00,40.0
2018-01-04 15:00,21.0
2018-01-04 16:00,165.0
2018-01-04 17:00,8.0
2018-01-04 18:00,25.0
2018-01-04 8:00,2.0
2018-01-04 9:00,16.0
2018-01-05 10:00,2.0
2018-01-05 11:00,5.0
2018-01-05 13:00,14.0
2018-01-05 14:00,5.0
2018-01-05 16:00,2008.0
2018-01-05 17:00,12.0
2018-01-05 18:00,8.0
2018-01-05 19:00,6.0
2018-01-05 20:00,18.0
2018-01-05 8:00,1.0
2018-01-05 9:00,1.0
2018-01-06 12:00,10.0
2018-01-06 14:00,10.0
2018-01-06 15:00,16.0
2018-01-06 16:00,10.0
2018-01-06 17:00,11.0
2018-01-07 11:00,7.0
2018-01-07 12:00,0.0
2018-01-07 13:00,25.0
2018-01-07 14:00,0.0
2018-01-07 15:00,60.0
2018-01-07 16:00,8.0
2018-01-07 17:00,0.0
2018-01-08 10:00,7.0
2018-01-08 11:00,16.0
2018-01-08 12:00,141.0
2018-01-08 13:00,12.0
2018-01-08 14:00,19.0
2018-01-08 15:00,17.0
2018-01-08 16:00,56.0
2018-01-08 17:00,10.0
2018-01-08 18:00,0.0
2018-01-08 19:00,19.0
2018-01-08 20:00,10.0
2018-01-08 8:00,8.0
2018-01-08 9:00,37.0
2018-01-09 10:00,30.0
2018-01-09 11:00,1.0
2018-01-09 12:00,18.0
2018-01-09 13:00,53.0
2018-01-09 14:00,10.0
2018-01-09 15:00,231.0
2018-01-09 16:00,55.0
2018-01-09 17:00,35.0
2018-01-09 18:00,18.0
2018-01-09 19:00,0.0
2018-01-09 20:00,2.0
2018-01-09 8:00,37.0
2018-01-09 9:00,30.0
2018-01-10 10:00,1.0
2018-01-10 11:00,0.0
2018-01-10 12:00,66.0
2018-01-10 13:00,95.0
2018-01-10 14:00,17.0
2018-01-10 15:00,39.0
2018-01-10 16:00,65.0
2018-01-10 17:00,25.0
2018-01-10 18:00,0.0
2018-01-10 19:00,0.0
2018-01-10 20:00,6.0
2018-01-10 8:00,125.0
2018-01-10 9:00,109.0
2018-01-11 10:00,24.0
2018-01-11 11:00,81.0
2018-01-11 12:00,3.0
2018-01-11 13:00,30.0
2018-01-11 14:00,12.0
2018-01-11 15:00,573.0
2018-01-11 16:00,42.0
2018-01-11 17:00,0.0
2018-01-11 18:00,38.0
2018-01-11 19:00,0.0
2018-01-11 20:00,10.0
2018-01-11 8:00,126.0
2018-01-11 9:00,6.0
2018-01-12 10:00,68.0
2018-01-12 11:00,2.0
2018-01-12 12:00,3.0
2018-01-12 13:00,20.0
2018-01-12 14:00,25.0
2018-01-12 15:00,15.0
2018-01-12 16:00,30.0
2018-01-12 17:00,48.0
2018-01-12 18:00,25.0
2018-01-12 19:00,34.0
2018-01-12 20:00,1.0
2018-01-12 8:00,0.0
2018-01-12 9:00,1044.0
2018-01-13 12:00,0.0
2018-01-13 13:00,541.0
2018-01-13 14:00,195.0
2018-01-13 15:00,46.0
2018-01-13 16:00,78.0
2018-01-13 17:00,29.0
2018-01-13 22:00,0.0
2018-01-14 10:00,1.0
2018-01-14 13:00,0.0
2018-01-14 14:00,4.0
2018-01-14 15:00,17.0
2018-01-14 16:00,5.0
2018-01-14 17:00,2.0
2018-01-15 10:00,48.0
2018-01-15 11:00,9.0
2018-01-15 12:00,35.0
2018-01-15 13:00,34.0
2018-01-15 14:00,65.0
2018-01-15 15:00,14.0
2018-01-15 16:00,17.0
2018-01-15 17:00,33.0
2018-01-15 18:00,153.0
2018-01-15 19:00,0.0
2018-01-15 20:00,3.0
2018-01-15 8:00,181.0
2018-01-15 9:00,19.0
2018-01-16 10:00,47.0
2018-01-16 11:00,3.0
2018-01-16 12:00,48.0
2018-01-16 13:00,1.0
2018-01-16 14:00,33.0
2018-01-16 15:00,16.0
2018-01-16 16:00,39.0
2018-01-16 17:00,0.0
2018-01-16 18:00,189.0
2018-01-16 19:00,0.0
2018-01-16 20:00,28.0
2018-01-16 8:00,189.0
2018-01-16 9:00,793.0
2018-01-17 10:00,14.0
2018-01-17 11:00,25.0
2018-01-17 12:00,192.0
2018-01-17 13:00,229.0
2018-01-17 14:00,82.0
2018-01-17 15:00,88.0
2018-01-17 16:00,198.0
2018-01-17 17:00,10.0
2018-01-17 18:00,38.0
2018-01-17 19:00,654.0
2018-01-17 20:00,9.0
2018-01-17 8:00,182.0
2018-01-17 9:00,2.0
2018-01-18 10:00,3.0
2018-01-18 11:00,0.0
2018-01-18 12:00,12.0
2018-01-18 13:00,19.0
2018-01-18 14:00,30.0
2018-01-18 15:00,196.0
2018-01-18 16:00,23.0
2018-01-18 17:00,6.0
2018-01-18 18:00,3.0
2018-01-18 19:00,0.0
2018-01-18 20:00,33.0
2018-01-18 8:00,1000.0
2018-01-18 9:00,38.0
2018-01-19 10:00,22.0
2018-01-19 11:00,27.0
2018-01-19 12:00,18.0
2018-01-19 13:00,628.0
2018-01-19 14:00,194.0
2018-01-19 15:00,17.0
2018-01-19 16:00,19.0
2018-01-19 17:00,109.0
2018-01-19 18:00,0.0
2018-01-19 19:00,0.0
2018-01-19 20:00,16.0
2018-01-19 8:00,724.0
2018-01-19 9:00,0.0
2018-01-20 10:00,6.0
2018-01-20 12:00,5.0
2018-01-20 13:00,21.0
2018-01-20 14:00,0.0
2018-01-20 15:00,42.0
2018-01-20 16:00,39.0
2018-01-20 17:00,66.0
2018-01-21 12:00,36.0
2018-01-21 13:00,0.0
2018-01-21 14:00,13.0
2018-01-21 15:00,7.0
2018-01-21 16:00,8.0
2018-01-21 17:00,2.0
2018-01-21 9:00,35.0
2018-01-22 10:00,24.0
2018-01-22 11:00,0.0
2018-01-22 12:00,6.0
2018-01-22 13:00,4.0
2018-01-22 14:00,8.0
2018-01-22 15:00,5.0
2018-01-22 16:00,29.0
2018-01-22 17:00,28.0
2018-01-22 18:00,1.0
2018-01-22 19:00,14.0
2018-01-22 20:00,21.0
2018-01-22 9:00,0.0
2018-01-23 10:00,0.0
2018-01-23 11:00,16.0
2018-01-23 12:00,31.0
2018-01-23 13:00,0.0
2018-01-23 15:00,10.0
2018-01-23 16:00,1.0
2018-01-23 17:00,32.0
2018-01-23 18:00,37.0
2018-01-23 19:00,0.0
2018-01-23 20:00,0.0
2018-01-23 8:00,60.0
2018-01-23 9:00,0.0
2018-01-24 10:00,49.0
2018-01-24 11:00,2.0
2018-01-24 12:00,2.0
2018-01-24 13:00,83.0
2018-01-24 14:00,42.0
2018-01-24 15:00,88.0
2018-01-24 16:00,18.0
2018-01-24 17:00,10.0
2018-01-24 18:00,0.0
2018-01-24 20:00,0.0
2018-01-24 8:00,0.0
2018-01-24 9:00,30.0
2018-01-25 10:00,14.0
2018-01-25 11:00,5.0
2018-01-25 12:00,5.0
2018-01-25 13:00,19.0
2018-01-25 14:00,23.0
2018-01-25 15:00,212.0
2018-01-25 16:00,6.0
2018-01-25 17:00,15.0
2018-01-25 18:00,5.0
2018-01-25 19:00,0.0
2018-01-25 8:00,0.0
2018-01-25 9:00,5.0
2018-01-26 12:00,1.0
2018-01-26 13:00,2.0
2018-01-26 14:00,0.0
2018-01-26 15:00,39.0
2018-01-26 16:00,74.0
2018-01-26 17:00,0.0
2018-01-26 18:00,22.0
2018-01-26 19:00,1.0
2018-01-26 20:00,31.0
2018-01-27 10:00,0.0
2018-01-27 11:00,3.0
2018-01-27 12:00,25.0
2018-01-27 13:00,5.0
2018-01-27 14:00,7.0
2018-01-27 15:00,13.0
2018-01-27 16:00,0.0
2018-01-27 17:00,25.0
2018-01-28 10:00,0.0
2018-01-28 11:00,0.0
2018-01-28 13:00,0.0
2018-01-28 14:00,0.0
2018-01-28 17:00,0.0
2018-01-29 10:00,112.0
2018-01-29 11:00,146.0
2018-01-29 12:00,10.0
2018-01-29 13:00,30.0
2018-01-29 14:00,16.0
2018-01-29 15:00,77.0
2018-01-29 16:00,109.0
2018-01-29 17:00,10.0
2018-01-29 18:00,3.0
2018-01-29 19:00,1.0
2018-01-29 20:00,14.0
2018-01-29 8:00,0.0
2018-01-29 9:00,15.0
2018-01-30 10:00,11.0
2018-01-30 11:00,48.0
2018-01-30 12:00,94.0
2018-01-30 13:00,33.0
2018-01-30 14:00,12.0
2018-01-30 15:00,20.0
2018-01-30 16:00,50.0
2018-01-30 17:00,17.0
2018-01-30 18:00,0.0
2018-01-30 19:00,4.0
2018-01-30 20:00,12.0
2018-01-30 8:00,0.0
2018-01-30 9:00,30.0
2018-01-31 10:00,17.0
2018-01-31 11:00,46.0
2018-01-31 12:00,75.0
2018-01-31 13:00,20.0
2018-01-31 14:00,56.0
2018-01-31 15:00,8.0
2018-01-31 16:00,12.0
2018-01-31 17:00,35.0
2018-01-31 18:00,18.0
2018-01-31 19:00,6.0
2018-01-31 20:00,33.0
2018-01-31 8:00,38.0
2018-01-31 9:00,14.0
2018-02-01 10:00,4.0
2018-02-01 11:00,0.0
2018-02-01 12:00,14.0
2018-02-01 13:00,5.0
2018-02-01 14:00,35.0
2018-02-01 15:00,26.0
2018-02-01 16:00,37.0
2018-02-01 17:00,5.0
2018-02-01 18:00,24.0
2018-02-01 19:00,13.0
2018-02-01 20:00,25.0
2018-02-01 8:00,0.0
2018-02-01 9:00,0.0
2018-02-02 10:00,47.0
2018-02-02 11:00,16.0
2018-02-02 12:00,168.0
2018-02-02 13:00,1.0
2018-02-02 14:00,18.0
2018-02-02 15:00,131.0
2018-02-02 16:00,66.0
2018-02-02 17:00,56.0
2018-02-02 18:00,15.0
2018-02-02 19:00,16.0
2018-02-02 20:00,4.0
2018-02-02 8:00,19.0
2018-02-02 9:00,12.0
2018-02-03 10:00,54.0
2018-02-03 11:00,4.0
2018-02-03 13:00,20.0
2018-02-03 14:00,13.0
2018-02-03 15:00,66.0
2018-02-03 16:00,0.0
2018-02-03 9:00,0.0
2018-02-04 11:00,15.0
2018-02-04 14:00,6.0
2018-02-04 15:00,8.0
2018-02-04 16:00,5.0
2018-02-04 17:00,25.0
2018-02-05 10:00,0.0
2018-02-05 11:00,23.0
2018-02-05 12:00,35.0
2018-02-05 13:00,70.0
2018-02-05 14:00,36.0
2018-02-05 15:00,106.0
2018-02-05 16:00,35.0
2018-02-05 17:00,6.0
2018-02-05 18:00,24.0
2018-02-05 19:00,6.0
2018-02-05 20:00,0.0
2018-02-05 8:00,0.0
2018-02-05 9:00,147.0
2018-02-06 10:00,18.0
2018-02-06 11:00,18.0
2018-02-06 12:00,8.0
2018-02-06 13:00,10.0
2018-02-06 14:00,33.0
2018-02-06 15:00,15.0
2018-02-06 16:00,24.0
2018-02-06 17:00,47.0
2018-02-06 18:00,50.0
2018-02-06 19:00,34.0
2018-02-06 20:00,6.0
2018-02-06 8:00,0.0
2018-02-06 9:00,0.0
2018-02-07 10:00,12.0
2018-02-07 11:00,8.0
2018-02-07 12:00,24.0
2018-02-07 13:00,50.0
2018-02-07 14:00,32.0
2018-02-07 15:00,16.0
2018-02-07 16:00,82.0
2018-02-07 17:00,11.0
2018-02-07 18:00,9.0
2018-02-07 19:00,56.0
2018-02-07 20:00,10.0
2018-02-07 8:00,4.0
2018-02-07 9:00,11.0
2018-02-08 10:00,0.0
2018-02-08 11:00,13.0
2018-02-08 12:00,26.0
2018-02-08 13:00,24.0
2018-02-08 14:00,75.0
2018-02-08 15:00,129.0
2018-02-08 16:00,18.0
2018-02-08 17:00,6.0
2018-02-08 18:00,27.0
2018-02-08 19:00,24.0
2018-02-08 20:00,7.0
2018-02-08 7:00,8.0
2018-02-08 8:00,1.0
2018-02-09 10:00,97.0
2018-02-09 11:00,0.0
2018-02-09 12:00,42.0
2018-02-09 13:00,26.0
2018-02-09 14:00,38.0
2018-02-09 15:00,2.0
2018-02-09 16:00,42.0
2018-02-09 17:00,36.0
2018-02-09 18:00,8.0
2018-02-09 19:00,33.0
2018-02-09 20:00,42.0
2018-02-09 8:00,8.0
2018-02-09 9:00,20.0
2018-02-10 10:00,6.0
2018-02-10 11:00,8.0
2018-02-10 12:00,49.0
2018-02-10 13:00,39.0
2018-02-10 14:00,3.0
2018-02-10 15:00,42.0
2018-02-10 16:00,3.0
2018-02-10 17:00,7.0
2018-02-11 10:00,0.0
2018-02-11 11:00,10.0
2018-02-11 12:00,2.0
2018-02-11 13:00,18.0
2018-02-11 16:00,4.0
2018-02-11 17:00,8.0
2018-02-12 10:00,353.0
2018-02-12 11:00,0.0
2018-02-12 12:00,17.0
2018-02-12 13:00,16.0
2018-02-12 14:00,16.0
2018-02-12 15:00,0.0
2018-02-12 16:00,67.0
2018-02-12 17:00,2.0
2018-02-12 18:00,39.0
2018-02-12 19:00,20.0
2018-02-12 20:00,7.0
2018-02-12 8:00,25.0
2018-02-12 9:00,73.0
2018-02-13 10:00,2.0
2018-02-13 11:00,16.0
2018-02-13 12:00,60.0
2018-02-13 13:00,8.0
2018-02-13 14:00,0.0
2018-02-13 15:00,13.0
2018-02-13 16:00,82.0
2018-02-13 17:00,47.0
2018-02-13 18:00,161.0
2018-02-13 19:00,6.0
2018-02-13 20:00,18.0
2018-02-13 8:00,3.0
2018-02-13 9:00,11.0
2018-02-14 10:00,5.0
2018-02-14 11:00,3.0
2018-02-14 12:00,130.0
2018-02-14 13:00,115.0
2018-02-14 14:00,22.0
2018-02-14 15:00,89.0
2018-02-14 16:00,17.0
2018-02-14 17:00,8.0
2018-02-14 18:00,28.0
2018-02-14 19:00,0.0
2018-02-14 20:00,2.0
2018-02-14 8:00,35.0
2018-02-14 9:00,55.0
2018-02-15 10:00,6.0
2018-02-15 11:00,4.0
2018-02-15 12:00,0.0
2018-02-15 13:00,0.0
2018-02-15 14:00,50.0
2018-02-15 15:00,26.0
2018-02-15 16:00,10.0
2018-02-15 17:00,6.0
2018-02-15 18:00,21.0
2018-02-15 19:00,46.0
2018-02-15 20:00,5.0
2018-02-15 8:00,3.0
2018-02-15 9:00,24.0
2018-02-16 10:00,190.0
2018-02-16 11:00,3.0
2018-02-16 12:00,1.0
2018-02-16 13:00,26.0
2018-02-16 14:00,0.0
2018-02-16 15:00,16.0
2018-02-16 16:00,52.0
2018-02-16 17:00,82.0
2018-02-16 18:00,57.0
2018-02-16 19:00,7.0
2018-02-16 20:00,66.0
2018-02-16 8:00,8.0
2018-02-16 9:00,1052.0
2018-02-17 10:00,7.0
2018-02-17 11:00,30.0
2018-02-17 12:00,2.0
2018-02-17 14:00,0.0
2018-02-17 15:00,92.0
2018-02-17 16:00,35.0
2018-02-17 17:00,1.0
2018-02-17 9:00,0.0
2018-02-18 10:00,2.0
2018-02-18 12:00,0.0
2018-02-18 14:00,25.0
2018-02-18 15:00,2.0
2018-02-18 16:00,3.0
2018-02-18 17:00,2.0
2018-02-18 9:00,44.0
2018-02-19 10:00,84.0
2018-02-19 11:00,31.0
2018-02-19 12:00,32.0
2018-02-19 13:00,64.0
2018-02-19 14:00,2.0
2018-02-19 15:00,132.0
2018-02-19 16:00,32.0
2018-02-19 17:00,120.0
2018-02-19 18:00,2.0
2018-02-19 19:00,0.0
2018-02-19 20:00,16.0
2018-02-19 22:00,0.0
2018-02-19 23:00,4.0
2018-02-19 8:00,45.0
2018-02-19 9:00,7.0
2018-02-20 10:00,30.0
2018-02-20 11:00,25.0
2018-02-20 12:00,19.0
2018-02-20 13:00,62.0
2018-02-20 14:00,8.0
2018-02-20 15:00,57.0
2018-02-20 16:00,356.0
2018-02-20 17:00,186.0
2018-02-20 18:00,4.0
2018-02-20 19:00,0.0
2018-02-20 22:00,8.0
2018-02-20 8:00,0.0
2018-02-20 9:00,12.0
2018-02-21 10:00,2.0
2018-02-21 11:00,86.0
2018-02-21 12:00,62.0
2018-02-21 13:00,29.0
2018-02-21 14:00,39.0
2018-02-21 15:00,32.0
2018-02-21 16:00,29.0
2018-02-21 17:00,966.0
2018-02-21 18:00,23.0
2018-02-21 19:00,260.0
2018-02-21 20:00,8.0
2018-02-21 21:00,0.0
2018-02-21 22:00,3.0
2018-02-21 23:00,0.0
2018-02-21 8:00,47.0
2018-02-21 9:00,30.0
2018-02-22 10:00,35.0
2018-02-22 11:00,0.0
2018-02-22 12:00,139.0
2018-02-22 13:00,5.0
2018-02-22 14:00,1.0
2018-02-22 15:00,11.0
2018-02-22 16:00,14.0
2018-02-22 17:00,2.0
2018-02-22 18:00,42.0
2018-02-22 19:00,28.0
2018-02-22 20:00,50.0
2018-02-22 21:00,2.0
2018-02-22 22:00,0.0
2018-02-22 8:00,42.0
2018-02-22 9:00,3.0
2018-02-23 10:00,0.0
2018-02-23 11:00,15.0
2018-02-23 12:00,14.0
2018-02-23 13:00,27.0
2018-02-23 14:00,29.0
2018-02-23 15:00,34.0
2018-02-23 16:00,25.0
2018-02-23 17:00,13.0
2018-02-23 18:00,5.0
2018-02-23 19:00,32.0
2018-02-23 20:00,0.0
2018-02-23 8:00,1.0
2018-02-23 9:00,4.0
2018-02-24 10:00,15.0
2018-02-24 11:00,7.0
2018-02-24 12:00,0.0
2018-02-24 13:00,0.0
2018-02-24 14:00,17.0
2018-02-24 15:00,11.0
2018-02-24 16:00,19.0
2018-02-24 17:00,0.0
2018-02-24 20:00,0.0
2018-02-25 10:00,20.0
2018-02-25 11:00,0.0
2018-02-25 12:00,0.0
2018-02-25 13:00,0.0
2018-02-25 14:00,0.0
2018-02-25 15:00,0.0
2018-02-25 16:00,1.0
2018-02-25 17:00,30.0
2018-02-25 18:00,30.0
2018-02-25 20:00,0.0
2018-02-25 21:00,18.0
2018-02-25 22:00,13.0
2018-02-26 10:00,6.0
2018-02-26 11:00,12.0
2018-02-26 12:00,16.0
2018-02-26 13:00,10.0
2018-02-26 14:00,36.0
2018-02-26 15:00,63.0
2018-02-26 16:00,72.0
2018-02-26 17:00,82.0
2018-02-26 18:00,48.0
2018-02-26 19:00,26.0
2018-02-26 20:00,37.0
2018-02-26 21:00,0.0
2018-02-26 22:00,0.0
2018-02-26 23:00,12.0
2018-02-26 8:00,111.0
2018-02-26 9:00,10.0
2018-02-27 10:00,7.0
2018-02-27 11:00,4.0
2018-02-27 12:00,22.0
2018-02-27 13:00,348.0
2018-02-27 14:00,0.0
2018-02-27 15:00,6.0
2018-02-27 16:00,30.0
2018-02-27 17:00,36.0
2018-02-27 18:00,65.0
2018-02-27 19:00,14.0
2018-02-27 20:00,0.0
2018-02-27 21:00,0.0
2018-02-27 22:00,0.0
2018-02-27 23:00,0.0
2018-02-27 8:00,129.0
2018-02-27 9:00,31.0
2018-02-28 0:00,0.0
2018-02-28 10:00,15.0
2018-02-28 11:00,5.0
2018-02-28 12:00,19.0
2018-02-28 13:00,144.0
2018-02-28 14:00,0.0
2018-02-28 15:00,46.0
2018-02-28 16:00,373.0
2018-02-28 17:00,56.0
2018-02-28 18:00,27.0
2018-02-28 19:00,15.0
2018-02-28 20:00,12.0
2018-02-28 21:00,33.0
2018-02-28 22:00,11.0
2018-02-28 23:00,0.0
2018-02-28 8:00,10.0
2018-02-28 9:00,6.0
2018-03-02 10:00,13.0
2018-03-02 11:00,21.0
2018-03-02 12:00,29.0
2018-03-02 13:00,35.0
2018-03-02 14:00,29.0
2018-03-02 15:00,13.0
2018-03-02 16:00,42.0
2018-03-02 17:00,21.0
2018-03-02 18:00,30.0
2018-03-02 19:00,14.0
2018-03-02 20:00,0.0
2018-03-02 21:00,14.0
2018-03-02 22:00,10.0
2018-03-02 7:00,0.0
2018-03-02 8:00,33.0
2018-03-02 9:00,9.0
2018-03-03 10:00,4.0
2018-03-03 11:00,0.0
2018-03-03 12:00,0.0
2018-03-03 14:00,6.0
2018-03-03 15:00,11.0
2018-03-03 16:00,80.0
2018-03-03 17:00,19.0
2018-03-03 20:00,2.0
2018-03-03 21:00,1.0
2018-03-03 23:00,4.0
2018-03-04 11:00,0.0
2018-03-04 14:00,25.0
2018-03-04 15:00,24.0
2018-03-04 16:00,6.0
2018-03-04 17:00,0.0
2018-03-04 18:00,18.0
2018-03-04 20:00,3.0
2018-03-05 10:00,9.0
2018-03-05 11:00,35.0
2018-03-05 12:00,42.0
2018-03-05 13:00,46.0
2018-03-05 14:00,32.0
2018-03-05 15:00,8.0
2018-03-05 16:00,37.0
2018-03-05 17:00,14.0
2018-03-05 18:00,20.0
2018-03-05 19:00,0.0
2018-03-05 20:00,4.0
2018-03-05 21:00,3.0
2018-03-05 22:00,0.0
2018-03-05 23:00,3.0
2018-03-05 8:00,5.0
2018-03-05 9:00,134.0
2018-03-06 10:00,8.0
2018-03-06 11:00,5.0
2018-03-06 12:00,4.0
2018-03-06 13:00,0.0
2018-03-06 14:00,42.0
2018-03-06 15:00,57.0
2018-03-06 16:00,34.0
2018-03-06 17:00,4.0
2018-03-06 18:00,24.0
2018-03-06 19:00,8.0
2018-03-06 20:00,8.0
2018-03-06 8:00,83.0
2018-03-06 9:00,26.0
2018-03-07 10:00,0.0
2018-03-07 11:00,11.0
2018-03-07 12:00,42.0
2018-03-07 13:00,2.0
2018-03-07 14:00,16.0
2018-03-07 15:00,1564.0
2018-03-07 16:00,36.0
2018-03-07 17:00,43.0
2018-03-07 18:00,0.0
2018-03-07 19:00,0.0
2018-03-07 20:00,13.0
2018-03-07 22:00,18.0
2018-03-07 23:00,13.0
2018-03-07 8:00,363.0
2018-03-07 9:00,0.0
2018-03-08 10:00,90.0
2018-03-08 11:00,88.0
2018-03-08 12:00,6.0
2018-03-08 13:00,0.0
2018-03-08 14:00,37.0
2018-03-08 15:00,0.0
2018-03-08 16:00,112.0
2018-03-08 17:00,262.0
2018-03-08 18:00,30.0
2018-03-08 19:00,1444.0
2018-03-08 20:00,0.0
2018-03-08 21:00,0.0
2018-03-08 22:00,3.0
2018-03-08 8:00,0.0
2018-03-08 9:00,0.0
2018-03-09 10:00,1.0
2018-03-09 11:00,9.0
2018-03-09 12:00,3.0
2018-03-09 13:00,548.0
2018-03-09 14:00,2.0
2018-03-09 15:00,30.0
2018-03-09 16:00,57.0
2018-03-09 17:00,19.0
2018-03-09 18:00,69.0
2018-03-09 19:00,2.0
2018-03-09 22:00,6.0
2018-03-09 23:00,68.0
2018-03-09 8:00,124.0
2018-03-09 9:00,50.0
2018-03-10 10:00,13.0
2018-03-10 11:00,2.0
2018-03-10 12:00,3.0
2018-03-10 13:00,1200.0
2018-03-10 14:00,7.0
2018-03-10 16:00,31.0
2018-03-10 17:00,8.0
2018-03-10 9:00,65.0
2018-03-11 11:00,8.0
2018-03-11 13:00,0.0
2018-03-11 15:00,123.0
2018-03-11 16:00,8.0
2018-03-11 17:00,6.0
2018-03-12 10:00,69.0
2018-03-12 11:00,108.0
2018-03-12 12:00,46.0
2018-03-12 13:00,44.0
2018-03-12 14:00,186.0
2018-03-12 15:00,19.0
2018-03-12 16:00,22.0
2018-03-12 17:00,122.0
2018-03-12 18:00,42.0
2018-03-12 19:00,18.0
2018-03-12 20:00,16.0
2018-03-12 8:00,10.0
2018-03-12 9:00,31.0
2018-03-13 10:00,6.0
2018-03-13 11:00,372.0
2018-03-13 12:00,48.0
2018-03-13 13:00,25.0
2018-03-13 14:00,39.0
2018-03-13 15:00,10.0
2018-03-13 16:00,42.0
2018-03-13 17:00,13.0
2018-03-13 18:00,14.0
2018-03-13 19:00,29.0
2018-03-13 20:00,12.0
2018-03-13 8:00,30.0
2018-03-13 9:00,189.0
2018-03-14 10:00,28.0
2018-03-14 11:00,8.0
2018-03-14 12:00,40.0
2018-03-14 13:00,28.0
2018-03-14 14:00,16.0
2018-03-14 15:00,2.0
2018-03-14 16:00,2.0
2018-03-14 17:00,29.0
2018-03-14 18:00,15.0
2018-03-14 19:00,14.0
2018-03-14 20:00,0.0
2018-03-14 8:00,45.0
2018-03-14 9:00,4.0
2018-03-15 10:00,3.0
2018-03-15 11:00,72.0
2018-03-15 12:00,28.0
2018-03-15 13:00,17.0
2018-03-15 14:00,10.0
2018-03-15 15:00,517.0
2018-03-15 16:00,32.0
2018-03-15 17:00,46.0
2018-03-15 18:00,15.0
2018-03-15 19:00,62.0
2018-03-15 20:00,34.0
2018-03-15 8:00,1.0
2018-03-15 9:00,19.0
2018-03-16 10:00,49.0
2018-03-16 11:00,12.0
2018-03-16 12:00,3.0
2018-03-16 13:00,6.0
2018-03-16 14:00,98.0
2018-03-16 15:00,52.0
2018-03-16 16:00,54.0
2018-03-16 17:00,9.0
2018-03-16 18:00,12.0
2018-03-16 19:00,13.0
2018-03-16 8:00,11.0
2018-03-16 9:00,51.0
2018-03-17 11:00,0.0
2018-03-17 12:00,7.0
2018-03-17 13:00,27.0
2018-03-17 14:00,6.0
2018-03-17 15:00,0.0
2018-03-17 16:00,26.0
2018-03-17 17:00,26.0
2018-03-18 11:00,0.0
2018-03-18 12:00,0.0
2018-03-18 13:00,12.0
2018-03-18 14:00,2.0
2018-03-18 15:00,8.0
2018-03-18 16:00,9.0
2018-03-18 17:00,4.0
2018-03-19 10:00,8.0
2018-03-19 11:00,21.0
2018-03-19 12:00,27.0
2018-03-19 13:00,8.0
2018-03-19 14:00,110.0
2018-03-19 15:00,43.0
2018-03-19 16:00,47.0
2018-03-19 17:00,36.0
2018-03-19 18:00,27.0
2018-03-19 19:00,12.0
2018-03-19 20:00,37.0
2018-03-19 7:00,3.0
2018-03-19 8:00,13.0
2018-03-19 9:00,5.0
2018-03-20 10:00,15.0
2018-03-20 11:00,38.0
2018-03-20 12:00,22.0
2018-03-20 13:00,94.0
2018-03-20 14:00,14.0
2018-03-20 15:00,16.0
2018-03-20 16:00,18.0
2018-03-20 17:00,64.0
2018-03-20 18:00,29.0
2018-03-20 19:00,2.0
2018-03-20 20:00,1.0
2018-03-20 8:00,89.0
2018-03-20 9:00,22.0
2018-03-21 10:00,46.0
2018-03-21 11:00,8.0
2018-03-21 12:00,7.0
2018-03-21 13:00,51.0
2018-03-21 14:00,2.0
2018-03-21 15:00,20.0
2018-03-21 16:00,39.0
2018-03-21 17:00,41.0
2018-03-21 18:00,22.0
2018-03-21 19:00,6.0
2018-03-21 20:00,0.0
2018-03-21 8:00,35.0
2018-03-21 9:00,30.0
2018-03-22 10:00,20.0
2018-03-22 11:00,0.0
2018-03-22 12:00,59.0
2018-03-22 13:00,52.0
2018-03-22 15:00,6.0
2018-03-22 16:00,16.0
2018-03-22 17:00,25.0
2018-03-22 18:00,6.0
2018-03-22 20:00,8.0
2018-03-22 8:00,0.0
2018-03-22 9:00,2.0
2018-03-23 10:00,2.0
2018-03-23 11:00,12.0
2018-03-23 12:00,4.0
2018-03-23 13:00,25.0
2018-03-23 14:00,15.0
2018-03-23 15:00,14.0
2018-03-23 16:00,88.0
2018-03-23 17:00,0.0
2018-03-23 18:00,8.0
2018-03-23 19:00,6.0
2018-03-23 8:00,9.0
2018-03-23 9:00,19.0
2018-03-24 10:00,0.0
2018-03-24 11:00,2.0
2018-03-24 12:00,21.0
2018-03-24 13:00,18.0
2018-03-24 14:00,5.0
2018-03-24 15:00,5.0
2018-03-24 16:00,53.0
2018-03-24 17:00,67.0
2018-03-24 9:00,27.0
2018-03-25 10:00,20.0
2018-03-25 15:00,2.0
2018-03-25 16:00,15.0
2018-03-25 17:00,11.0
2018-03-26 10:00,9.0
2018-03-26 11:00,0.0
2018-03-26 12:00,2.0
2018-03-26 13:00,25.0
2018-03-26 14:00,15.0
2018-03-26 15:00,18.0
2018-03-26 16:00,25.0
2018-03-26 17:00,16.0
2018-03-26 18:00,136.0
2018-03-26 19:00,0.0
2018-03-26 20:00,11.0
2018-03-26 8:00,26.0
2018-03-26 9:00,1.0
2018-03-27 10:00,0.0
2018-03-27 11:00,9.0
2018-03-27 12:00,9.0
2018-03-27 13:00,0.0
2018-03-27 14:00,17.0
2018-03-27 15:00,28.0
2018-03-27 16:00,20.0
2018-03-27 17:00,39.0
2018-03-27 18:00,30.0
2018-03-27 19:00,28.0
2018-03-27 20:00,51.0
2018-03-27 8:00,10.0
2018-03-27 9:00,12.0
2018-03-28 10:00,48.0
2018-03-28 11:00,33.0
2018-03-28 12:00,41.0
2018-03-28 13:00,12.0
2018-03-28 14:00,70.0
2018-03-28 15:00,39.0
2018-03-28 16:00,8.0
2018-03-28 17:00,2.0
2018-03-28 18:00,47.0
2018-03-28 19:00,2.0
2018-03-28 20:00,2.0
2018-03-28 8:00,3.0
2018-03-28 9:00,28.0
2018-03-29 10:00,8.0
2018-03-29 11:00,4.0
2018-03-29 12:00,28.0
2018-03-29 13:00,0.0
2018-03-29 14:00,10.0
2018-03-29 15:00,29.0
2018-03-29 16:00,12.0
2018-03-29 17:00,13.0
2018-03-29 18:00,13.0
2018-03-29 19:00,0.0
2018-03-29 20:00,8.0
2018-03-29 23:00,0.0
2018-03-29 7:00,0.0
2018-03-29 8:00,21.0
2018-03-29 9:00,42.0
2018-03-30 10:00,30.0
2018-03-30 11:00,20.0
2018-03-30 12:00,30.0
2018-03-30 13:00,26.0
2018-03-30 14:00,4.0
2018-03-30 15:00,8.0
2018-03-30 16:00,14.0
2018-03-30 17:00,1.0
2018-03-30 18:00,13.0
2018-03-30 20:00,21.0
2018-03-30 8:00,2.0
2018-03-30 9:00,56.0
2018-03-31 10:00,27.0
2018-03-31 12:00,24.0
2018-03-31 13:00,20.0
2018-03-31 14:00,10.0
2018-03-31 15:00,0.0
2018-03-31 16:00,22.0
2018-03-31 17:00,5.0
2018-03-31 18:00,0.0
2018-03-31 9:00,1.0
2018-04-01 12:00,0.0
2018-04-01 13:00,16.0
2018-04-01 14:00,10.0
2018-04-01 16:00,39.0
2018-04-01 17:00,30.0
2018-04-02 10:00,31.0
2018-04-02 11:00,22.0
2018-04-02 12:00,39.0
2018-04-02 13:00,21.0
2018-04-02 14:00,23.0
2018-04-02 15:00,20.0
2018-04-02 16:00,13.0
2018-04-02 17:00,9.0
2018-04-02 18:00,65.0
2018-04-02 19:00,13.0
2018-04-02 20:00,34.0
2018-04-02 7:00,2.0
2018-04-02 8:00,28.0
2018-04-02 9:00,10.0
2018-04-03 10:00,11.0
2018-04-03 11:00,0.0
2018-04-03 12:00,1.0
2018-04-03 13:00,22.0
2018-04-03 14:00,26.0
2018-04-03 15:00,10.0
2018-04-03 16:00,64.0
2018-04-03 17:00,0.0
2018-04-03 18:00,534.0
2018-04-03 19:00,25.0
2018-04-03 20:00,5.0
2018-04-03 8:00,4.0
2018-04-03 9:00,1.0
2018-04-04 10:00,19.0
2018-04-04 11:00,172.0
2018-04-04 12:00,60.0
2018-04-04 13:00,258.0
2018-04-04 14:00,79.0
2018-04-04 15:00,50.0
2018-04-04 16:00,116.0
2018-04-04 17:00,271.0
2018-04-04 18:00,30.0
2018-04-04 19:00,0.0
2018-04-04 20:00,0.0
2018-04-04 8:00,12.0
2018-04-04 9:00,19.0
2018-04-05 10:00,7.0
2018-04-05 11:00,15.0
2018-04-05 12:00,47.0
2018-04-05 13:00,6.0
2018-04-05 14:00,77.0
2018-04-05 15:00,43.0
2018-04-05 16:00,70.0
2018-04-05 17:00,105.0
2018-04-05 18:00,0.0
2018-04-05 19:00,60.0
2018-04-05 20:00,13.0
2018-04-05 9:00,17.0
2018-04-06 9:00,0.0
2018-04-07 10:00,0.0
2018-04-07 11:00,6.0
2018-04-07 12:00,10.0
2018-04-07 13:00,5.0
2018-04-07 14:00,46.0
2018-04-07 15:00,391.0
2018-04-07 16:00,116.0
2018-04-07 17:00,1.0
2018-04-07 23:00,0.0
2018-04-07 9:00,32.0
2018-04-08 11:00,0.0
2018-04-08 12:00,48.0
2018-04-08 13:00,56.0
2018-04-08 14:00,0.0
2018-04-08 16:00,6.0
2018-04-08 17:00,20.0
2018-04-08 9:00,6.0
2018-04-09 10:00,14.0
2018-04-09 11:00,0.0
2018-04-09 12:00,33.0
2018-04-09 13:00,6.0
2018-04-09 14:00,259.0
2018-04-09 15:00,16.0
2018-04-09 16:00,29.0
2018-04-09 17:00,11.0
2018-04-09 18:00,16.0
2018-04-09 19:00,33.0
2018-04-09 20:00,0.0
2018-04-09 9:00,68.0
2018-04-10 10:00,44.0
2018-04-10 11:00,45.0
2018-04-10 12:00,26.0
2018-04-10 13:00,24.0
2018-04-10 14:00,13.0
2018-04-10 15:00,14.0
2018-04-10 16:00,79.0
2018-04-10 17:00,403.0
2018-04-10 18:00,34.0
2018-04-10 19:00,20.0
2018-04-10 20:00,49.0
2018-04-10 8:00,31.0
2018-04-10 9:00,17.0
2018-04-11 10:00,2.0
2018-04-11 11:00,40.0
2018-04-11 12:00,3.0
2018-04-11 13:00,0.0
2018-04-11 14:00,62.0
2018-04-11 15:00,520.0
2018-04-11 16:00,92.0
2018-04-11 17:00,34.0
2018-04-11 18:00,41.0
2018-04-11 19:00,17.0
2018-04-11 20:00,67.0
2018-04-11 8:00,0.0
2018-04-11 9:00,6.0
2018-04-12 14:00,0.0
2018-04-17 10:00,108.0
2018-04-17 11:00,402.0
2018-04-17 12:00,11.0
2018-04-17 13:00,42.0
2018-04-17 14:00,6.0
2018-04-17 15:00,23.0
2018-04-17 16:00,29.0
2018-04-17 17:00,6.0
2018-04-17 18:00,37.0
2018-04-17 19:00,126.0
2018-04-17 21:00,8.0
2018-04-17 23:00,5.0
2018-04-17 8:00,43.0
2018-04-17 9:00,568.0
2018-04-18 10:00,21.0
2018-04-18 11:00,2.0
2018-04-18 12:00,17.0
2018-04-18 13:00,5.0
2018-04-18 14:00,24.0
2018-04-18 15:00,14.0
2018-04-18 16:00,9.0
2018-04-18 17:00,20.0
2018-04-18 18:00,17.0
2018-04-18 19:00,50.0
2018-04-18 20:00,5.0
2018-04-18 21:00,9.0
2018-04-18 22:00,0.0
2018-04-18 8:00,7.0
2018-04-18 9:00,14.0
2018-04-19 10:00,2.0
2018-04-19 11:00,46.0
2018-04-19 12:00,14.0
2018-04-19 13:00,70.0
2018-04-19 14:00,21.0
2018-04-19 15:00,74.0
2018-04-19 16:00,58.0
2018-04-19 17:00,20.0
2018-04-19 18:00,33.0
2018-04-19 19:00,36.0
2018-04-19 20:00,29.0
2018-04-19 21:00,3.0
2018-04-19 22:00,0.0
2018-04-19 8:00,83.0
2018-04-19 9:00,8.0
2018-04-20 10:00,0.0
2018-04-20 11:00,4.0
2018-04-20 12:00,22.0
2018-04-20 13:00,1.0
2018-04-20 14:00,16.0
2018-04-20 15:00,50.0
2018-04-20 16:00,21.0
2018-04-20 17:00,94.0
2018-04-20 18:00,55.0
2018-04-20 19:00,48.0
2018-04-20 21:00,5.0
2018-04-20 22:00,0.0
2018-04-20 8:00,23.0
2018-04-20 9:00,7.0
2018-04-21 0:00,5.0
2018-04-21 10:00,0.0
2018-04-21 12:00,36.0
2018-04-21 13:00,16.0
2018-04-21 14:00,30.0
2018-04-21 15:00,40.0
2018-04-21 16:00,29.0
2018-04-21 17:00,4.0
2018-04-21 18:00,13.0
2018-04-21 22:00,2.0
2018-04-21 9:00,0.0
2018-04-22 10:00,25.0
2018-04-22 11:00,4.0
2018-04-22 12:00,0.0
2018-04-22 13:00,0.0
2018-04-22 16:00,52.0
2018-04-22 17:00,5.0
2018-04-22 18:00,0.0
2018-04-22 19:00,30.0
2018-04-22 20:00,5.0
2018-04-22 21:00,0.0
2018-04-22 23:00,0.0
2018-04-22 9:00,3.0
2018-04-23 10:00,1.0
2018-04-23 11:00,10.0
2018-04-23 12:00,85.0
2018-04-23 13:00,185.0
2018-04-23 14:00,3.0
2018-04-23 15:00,94.0
2018-04-23 16:00,24.0
2018-04-23 17:00,47.0
2018-04-23 18:00,64.0
2018-04-23 19:00,28.0
2018-04-23 20:00,15.0
2018-04-23 21:00,6.0
2018-04-23 22:00,0.0
2018-04-23 7:00,0.0
2018-04-23 8:00,20.0
2018-04-23 9:00,11.0
2018-04-24 10:00,0.0
2018-04-24 11:00,3.0
2018-04-24 12:00,21.0
2018-04-24 13:00,53.0
2018-04-24 14:00,23.0
2018-04-24 15:00,11.0
2018-04-24 16:00,9.0
2018-04-24 17:00,12.0
2018-04-24 18:00,38.0
2018-04-24 19:00,3.0
2018-04-24 20:00,42.0
2018-04-24 23:00,5.0
2018-04-24 8:00,0.0
2018-04-24 9:00,0.0
2018-04-25 10:00,6.0
2018-04-25 11:00,26.0
2018-04-25 12:00,20.0
2018-04-25 13:00,72.0
2018-04-25 14:00,14.0
2018-04-25 15:00,61.0
2018-04-25 16:00,20.0
2018-04-25 17:00,17.0
2018-04-25 18:00,86.0
2018-04-25 19:00,8.0
2018-04-25 20:00,16.0
2018-04-25 8:00,62.0
2018-04-25 9:00,4.0
2018-04-26 10:00,208.0
2018-04-26 11:00,16.0
2018-04-26 12:00,43.0
2018-04-26 13:00,27.0
2018-04-26 14:00,62.0
2018-04-26 15:00,21.0
2018-04-26 16:00,83.0
2018-04-26 17:00,24.0
2018-04-26 18:00,0.0
2018-04-26 19:00,21.0
2018-04-26 21:00,1.0
2018-04-26 22:00,2.0
2018-04-26 23:00,6.0
2018-04-26 8:00,5.0
2018-04-26 9:00,14.0
2018-04-27 10:00,20.0
2018-04-27 11:00,161.0
2018-04-27 12:00,4.0
2018-04-27 13:00,28.0
2018-04-27 14:00,65.0
2018-04-27 15:00,44.0
2018-04-27 16:00,5.0
2018-04-27 17:00,77.0
2018-04-27 18:00,36.0
2018-04-27 19:00,1.0
2018-04-27 20:00,18.0
2018-04-27 21:00,6.0
2018-04-27 23:00,3.0
2018-04-27 8:00,53.0
2018-04-27 9:00,15.0
2018-04-28 10:00,0.0
2018-04-28 12:00,0.0
2018-04-28 13:00,2.0
2018-04-28 14:00,2.0
2018-04-28 15:00,18.0
2018-04-28 16:00,0.0
2018-04-28 17:00,98.0
2018-04-28 22:00,0.0
2018-04-28 23:00,9.0
2018-04-28 9:00,0.0
2018-04-29 10:00,0.0
2018-04-29 11:00,48.0
2018-04-29 12:00,0.0
2018-04-29 13:00,10.0
2018-04-29 14:00,0.0
2018-04-29 16:00,10.0
2018-04-29 17:00,6.0
2018-04-29 18:00,9.0
2018-04-29 21:00,6.0
2018-04-29 22:00,2.0
2018-04-29 23:00,2.0
2018-04-30 10:00,44.0
2018-04-30 11:00,211.0
2018-04-30 12:00,53.0
2018-04-30 13:00,12.0
2018-04-30 14:00,0.0
2018-04-30 15:00,15.0
2018-04-30 16:00,5.0
2018-04-30 17:00,5.0
2018-04-30 18:00,9.0
2018-04-30 19:00,17.0
2018-04-30 20:00,9.0
2018-04-30 21:00,53.0
2018-04-30 8:00,7.0
2018-04-30 9:00,18.0
2018-05-01 10:00,6.0
2018-05-01 11:00,13.0
2018-05-01 12:00,4.0
2018-05-01 13:00,13.0
2018-05-01 14:00,6.0
2018-05-01 15:00,6.0
2018-05-01 16:00,35.0
2018-05-01 17:00,50.0
2018-05-01 18:00,12.0
2018-05-01 19:00,0.0
2018-05-01 20:00,0.0
2018-05-01 22:00,0.0
2018-05-01 23:00,0.0
2018-05-01 7:00,0.0
2018-05-01 8:00,0.0
2018-05-01 9:00,2.0
2018-05-02 10:00,1.0
2018-05-02 11:00,21.0
2018-05-02 12:00,29.0
2018-05-02 13:00,8.0
2018-05-02 14:00,43.0
2018-05-02 15:00,39.0
2018-05-02 16:00,14.0
2018-05-02 17:00,55.0
2018-05-02 18:00,27.0
2018-05-02 19:00,0.0
2018-05-02 20:00,0.0
2018-05-02 21:00,0.0
2018-05-02 22:00,9.0
2018-05-02 23:00,11.0
2018-05-02 8:00,199.0
2018-05-02 9:00,32.0
2018-05-03 10:00,368.0
2018-05-03 11:00,82.0
2018-05-03 12:00,27.0
2018-05-03 13:00,3.0
2018-05-03 14:00,0.0
2018-05-03 15:00,12.0
2018-05-03 16:00,72.0
2018-05-03 17:00,24.0
2018-05-03 18:00,9.0
2018-05-03 19:00,36.0
2018-05-03 21:00,16.0
2018-05-03 22:00,3.0
2018-05-03 8:00,39.0
2018-05-03 9:00,174.0
2018-05-04 10:00,0.0
2018-05-04 11:00,0.0
2018-05-04 12:00,17.0
2018-05-04 13:00,143.0
2018-05-04 14:00,16.0
2018-05-04 15:00,1.0
2018-05-04 16:00,42.0
2018-05-04 17:00,25.0
2018-05-04 18:00,6.0
2018-05-04 19:00,6.0
2018-05-04 20:00,26.0
2018-05-04 8:00,6.0
2018-05-04 9:00,4.0
2018-05-05 10:00,42.0
2018-05-05 11:00,36.0
2018-05-05 12:00,16.0
2018-05-05 13:00,0.0
2018-05-05 14:00,22.0
2018-05-05 15:00,5.0
2018-05-05 16:00,4.0
2018-05-05 17:00,22.0
2018-05-05 18:00,31.0
2018-05-05 20:00,0.0
2018-05-05 22:00,12.0
2018-05-05 23:00,1.0
2018-05-05 2:00,2.0
2018-05-05 9:00,7.0
2018-05-06 0:00,2.0
2018-05-06 10:00,0.0
2018-05-06 11:00,0.0
2018-05-06 14:00,5.0
2018-05-06 15:00,0.0
2018-05-06 17:00,2.0
2018-05-06 19:00,10.0
2018-05-06 20:00,4.0
2018-05-06 7:00,2.0
2018-05-06 9:00,0.0
2018-05-07 10:00,6.0
2018-05-07 11:00,76.0
2018-05-07 12:00,14.0
2018-05-07 13:00,24.0
2018-05-07 14:00,20.0
2018-05-07 15:00,6.0
2018-05-07 16:00,9.0
2018-05-07 17:00,15.0
2018-05-07 18:00,17.0
2018-05-07 19:00,24.0
2018-05-07 21:00,11.0
2018-05-07 8:00,16.0
2018-05-07 9:00,6.0
2018-05-08 10:00,91.0
2018-05-08 11:00,0.0
2018-05-08 12:00,2.0
2018-05-08 13:00,16.0
2018-05-08 15:00,54.0
2018-05-08 16:00,14.0
2018-05-08 17:00,30.0
2018-05-08 18:00,0.0
2018-05-08 19:00,0.0
2018-05-08 20:00,0.0
2018-05-08 21:00,0.0
2018-05-08 22:00,0.0
2018-05-08 8:00,1.0
2018-05-08 9:00,52.0
2018-05-09 10:00,0.0
2018-05-09 11:00,26.0
2018-05-09 12:00,5.0
2018-05-09 13:00,0.0
2018-05-09 14:00,29.0
2018-05-09 15:00,1.0
2018-05-09 16:00,67.0
2018-05-09 17:00,164.0
2018-05-09 18:00,1.0
2018-05-09 19:00,3.0
2018-05-09 20:00,0.0
2018-05-09 22:00,0.0
2018-05-09 23:00,15.0
2018-05-09 8:00,18.0
2018-05-10 10:00,0.0
2018-05-10 11:00,0.0
2018-05-10 12:00,0.0
2018-05-10 13:00,7.0
2018-05-10 14:00,374.0
2018-05-10 15:00,23.0
2018-05-10 16:00,31.0
2018-05-10 17:00,2.0
2018-05-10 18:00,6.0
2018-05-10 19:00,1.0
2018-05-10 20:00,11.0
2018-05-10 21:00,5.0
2018-05-10 22:00,0.0
2018-05-10 8:00,5.0
2018-05-10 9:00,12.0
2018-05-11 10:00,34.0
2018-05-11 11:00,6.0
2018-05-11 12:00,56.0
2018-05-11 13:00,54.0
2018-05-11 14:00,14.0
2018-05-11 15:00,69.0
2018-05-11 16:00,0.0
2018-05-11 17:00,93.0
2018-05-11 18:00,11.0
2018-05-11 20:00,0.0
2018-05-11 21:00,0.0
2018-05-11 22:00,0.0
2018-05-11 3:00,4.0
2018-05-11 8:00,3.0
2018-05-11 9:00,12.0
2018-05-12 11:00,13.0
2018-05-12 12:00,0.0
2018-05-12 13:00,36.0
2018-05-12 14:00,1.0
2018-05-12 15:00,42.0
2018-05-12 16:00,27.0
2018-05-12 17:00,5.0
2018-05-12 19:00,38.0
2018-05-12 20:00,6.0
2018-05-12 21:00,10.0
2018-05-13 12:00,4.0
2018-05-13 13:00,1.0
2018-05-13 15:00,0.0
2018-05-13 17:00,14.0
2018-05-13 18:00,36.0
2018-05-13 20:00,0.0
2018-05-13 21:00,24.0
2018-05-13 22:00,8.0
2018-05-14 11:00,0.0
2018-05-15 10:00,4.0
2018-05-15 11:00,25.0
2018-05-15 12:00,56.0
2018-05-15 13:00,33.0
2018-05-15 14:00,17.0
2018-05-15 15:00,55.0
2018-05-15 16:00,45.0
2018-05-15 17:00,36.0
2018-05-15 18:00,1.0
2018-05-15 20:00,0.0
2018-05-15 21:00,1.0
2018-05-15 8:00,62.0
2018-05-15 9:00,17.0
2018-05-16 10:00,0.0
2018-05-16 11:00,9.0
2018-05-16 12:00,4.0
2018-05-16 13:00,6.0
2018-05-16 14:00,5.0
2018-05-16 15:00,16.0
2018-05-16 16:00,20.0
2018-05-16 17:00,4.0
2018-05-16 18:00,40.0
2018-05-16 19:00,101.0
2018-05-16 20:00,0.0
2018-05-16 21:00,2.0
2018-05-16 23:00,4.0
2018-05-16 8:00,5.0
2018-05-16 9:00,20.0
2018-05-17 0:00,0.0
2018-05-17 10:00,0.0
2018-05-17 11:00,0.0
2018-05-17 12:00,4.0
2018-05-17 13:00,10.0
2018-05-17 14:00,6.0
2018-05-17 15:00,66.0
2018-05-17 16:00,15.0
2018-05-17 17:00,138.0
2018-05-17 18:00,1.0
2018-05-17 19:00,8.0
2018-05-17 21:00,0.0
2018-05-17 22:00,0.0
2018-05-17 8:00,10.0
2018-05-17 9:00,1.0
2018-05-18 10:00,10.0
2018-05-18 11:00,1.0
2018-05-18 12:00,14.0
2018-05-18 13:00,12.0
2018-05-18 14:00,5.0
2018-05-18 15:00,37.0
2018-05-18 16:00,70.0
2018-05-18 17:00,51.0
2018-05-18 18:00,3.0
2018-05-18 19:00,52.0
2018-05-18 1:00,2.0
2018-05-18 20:00,18.0
2018-05-18 21:00,0.0
2018-05-18 6:00,12.0
2018-05-18 8:00,2.0
2018-05-19 10:00,7.0
2018-05-19 11:00,0.0
2018-05-19 12:00,15.0
2018-05-19 13:00,62.0
2018-05-19 14:00,502.0
2018-05-19 15:00,9.0
2018-05-19 16:00,12.0
2018-05-19 17:00,63.0
2018-05-19 9:00,5.0
2018-05-20 10:00,25.0
2018-05-20 11:00,0.0
2018-05-20 12:00,10.0
2018-05-20 13:00,0.0
2018-05-20 15:00,0.0
2018-05-20 16:00,3.0
2018-05-20 17:00,62.0
2018-05-21 10:00,7.0
2018-05-21 11:00,25.0
2018-05-21 12:00,8.0
2018-05-21 13:00,13.0
2018-05-21 14:00,21.0
2018-05-21 15:00,857.0
2018-05-21 16:00,18.0
2018-05-21 17:00,95.0
2018-05-21 18:00,43.0
2018-05-21 19:00,0.0
2018-05-21 20:00,18.0
2018-05-21 9:00,74.0
2018-05-22 10:00,17.0
2018-05-22 11:00,24.0
2018-05-22 12:00,2.0
2018-05-22 13:00,0.0
2018-05-22 14:00,8.0
2018-05-22 15:00,43.0
2018-05-22 16:00,22.0
2018-05-22 17:00,23.0
2018-05-22 18:00,9.0
2018-05-22 19:00,39.0
2018-05-22 7:00,0.0
2018-05-22 8:00,0.0
2018-05-22 9:00,17.0
2018-05-23 10:00,0.0
2018-05-23 11:00,5529.0
2018-05-23 12:00,162.0
2018-05-23 13:00,4182.0
2018-05-23 14:00,7298.0
2018-05-23 15:00,6890.0
2018-05-23 16:00,66.0
2018-05-23 17:00,42.0
2018-05-23 18:00,12.0
2018-05-23 19:00,2.0
2018-05-23 20:00,10.0
2018-05-23 8:00,5400.0
2018-05-23 9:00,9005.0
2018-05-24 10:00,4092.0
2018-05-24 11:00,188.0
2018-05-24 12:00,1.0
2018-05-24 13:00,12.0
2018-05-24 14:00,605.0
2018-05-24 15:00,2846.0
2018-05-24 16:00,0.0
2018-05-24 17:00,64.0
2018-05-24 18:00,7.0
2018-05-24 20:00,0.0
2018-05-24 8:00,3449.0
2018-05-24 9:00,15810.0
2018-05-25 10:00,306.0
2018-05-25 12:00,109.0
2018-05-25 13:00,0.0
2018-05-25 14:00,8.0
2018-05-25 15:00,1077.0
2018-05-25 16:00,5.0
2018-05-25 17:00,0.0
2018-05-25 18:00,0.0
2018-05-25 19:00,67.0
2018-05-25 20:00,2.0
2018-05-25 8:00,40.0
2018-05-25 9:00,0.0
2018-05-26 11:00,71.0
2018-05-26 12:00,14.0
2018-05-26 13:00,2.0
2018-05-26 15:00,0.0
2018-05-26 16:00,0.0
2018-05-26 17:00,8.0
2018-05-27 13:00,0.0
2018-05-27 15:00,48.0
2018-05-27 16:00,15.0
2018-05-27 17:00,9.0
2018-05-28 10:00,534.0
2018-05-28 11:00,29.0
2018-05-28 12:00,4.0
2018-05-28 13:00,3.0
2018-05-28 14:00,122.0
2018-05-28 15:00,4.0
2018-05-28 16:00,23.0
2018-05-28 17:00,20.0
2018-05-28 18:00,30.0
2018-05-28 19:00,20.0
2018-05-28 20:00,17.0
2018-05-28 8:00,186.0
2018-05-28 9:00,17.0
2018-05-29 19:00,9.0
2018-05-30 10:00,0.0
2018-05-30 11:00,161.0
2018-05-30 12:00,6.0
2018-05-30 13:00,107.0
2018-05-30 14:00,2.0
2018-05-30 15:00,51.0
2018-05-30 16:00,138.0
2018-05-30 17:00,48.0
2018-05-30 18:00,20.0
2018-05-30 20:00,16.0
2018-05-30 8:00,522.0
2018-05-30 9:00,0.0
2018-05-31 12:00,128.0
2018-05-31 13:00,44.0
2018-05-31 14:00,9.0
2018-05-31 15:00,69.0
2018-05-31 16:00,7.0
2018-05-31 17:00,12.0
2018-05-31 18:00,8.0
2018-05-31 19:00,32.0
2018-05-31 20:00,0.0
2018-05-31 7:00,9.0
2018-05-31 8:00,17.0
2018-05-31 9:00,131.0
2018-06-01 11:00,45.0
2018-06-01 12:00,0.0
2018-06-01 13:00,70.0
2018-06-01 14:00,24.0
2018-06-01 15:00,14.0
2018-06-01 16:00,19.0
2018-06-01 17:00,0.0
2018-06-01 18:00,6.0
2018-06-01 21:00,0.0
2018-06-01 8:00,180.0
2018-06-02 12:00,4.0
2018-06-02 13:00,60.0
2018-06-02 14:00,9.0
2018-06-02 15:00,2.0
2018-06-02 16:00,0.0
2018-06-02 17:00,10.0
2018-06-02 9:00,0.0
2018-06-03 10:00,0.0
2018-06-03 12:00,1.0
2018-06-03 13:00,0.0
2018-06-03 14:00,0.0
2018-06-03 15:00,10.0
2018-06-03 16:00,1.0
2018-06-03 17:00,12.0
2018-06-03 9:00,6.0
2018-06-04 10:00,1.0
2018-06-04 11:00,20.0
2018-06-04 12:00,14.0
2018-06-04 13:00,49.0
2018-06-04 14:00,52.0
2018-06-04 15:00,6.0
2018-06-04 16:00,3.0
2018-06-04 17:00,7.0
2018-06-04 18:00,7.0
2018-06-04 7:00,0.0
2018-06-04 8:00,125.0
2018-06-04 9:00,186.0
2018-06-05 10:00,6.0
2018-06-05 11:00,84.0
2018-06-05 12:00,23.0
2018-06-05 13:00,10.0
2018-06-05 14:00,0.0
2018-06-05 15:00,5.0
2018-06-05 16:00,18.0
2018-06-05 17:00,6.0
2018-06-05 18:00,15.0
2018-06-05 21:00,0.0
2018-06-05 7:00,6.0
2018-06-05 8:00,34.0
2018-06-05 9:00,12.0
2018-06-06 10:00,58.0
2018-06-06 11:00,53.0
2018-06-06 12:00,68.0
2018-06-06 13:00,96.0
2018-06-06 14:00,35.0
2018-06-06 15:00,0.0
2018-06-06 16:00,24.0
2018-06-06 17:00,8.0
2018-06-06 18:00,2.0
2018-06-06 8:00,2.0
2018-06-06 9:00,0.0
2018-06-07 10:00,9.0
2018-06-07 11:00,0.0
2018-06-07 12:00,47.0
2018-06-07 13:00,22.0
2018-06-07 15:00,56.0
2018-06-07 16:00,41.0
2018-06-07 17:00,1.0
2018-06-07 18:00,6.0
2018-06-07 21:00,0.0
2018-06-07 8:00,2.0
2018-06-07 9:00,63.0
2018-06-08 10:00,0.0
2018-06-08 11:00,16.0
2018-06-08 12:00,90.0
2018-06-08 13:00,3.0
2018-06-08 14:00,112.0
2018-06-08 15:00,1.0
2018-06-08 16:00,1223.0
2018-06-08 17:00,107.0
2018-06-08 18:00,0.0
2018-06-08 19:00,0.0
2018-06-08 20:00,10.0
2018-06-08 8:00,8.0
2018-06-08 9:00,41.0
2018-06-09 10:00,0.0
2018-06-09 11:00,0.0
2018-06-09 12:00,0.0
2018-06-09 13:00,10.0
2018-06-09 14:00,0.0
2018-06-09 15:00,10.0
2018-06-09 16:00,2.0
2018-06-09 17:00,21.0
2018-06-09 9:00,1.0
2018-06-10 11:00,0.0
2018-06-10 14:00,0.0
2018-06-10 17:00,4.0
2018-06-11 10:00,0.0
2018-06-11 11:00,66.0
2018-06-11 12:00,45.0
2018-06-11 13:00,26.0
2018-06-11 14:00,697.0
2018-06-11 15:00,41.0
2018-06-11 16:00,126.0
2018-06-11 17:00,1.0
2018-06-11 18:00,26.0
2018-06-11 20:00,15.0
2018-06-11 7:00,0.0
2018-06-11 9:00,3.0
2018-06-12 11:00,24.0
2018-06-12 12:00,0.0
2018-06-12 13:00,14.0
2018-06-12 14:00,0.0
2018-06-12 15:00,1194.0
2018-06-12 16:00,15.0
2018-06-12 17:00,86.0
2018-06-12 18:00,14.0
2018-06-12 19:00,22.0
2018-06-12 8:00,0.0
2018-06-12 9:00,48.0
2018-06-13 10:00,0.0
2018-06-13 11:00,0.0
2018-06-13 12:00,559.0
2018-06-13 13:00,0.0
2018-06-13 14:00,2.0
2018-06-13 15:00,16.0
2018-06-13 16:00,21.0
2018-06-13 17:00,0.0
2018-06-13 18:00,0.0
2018-06-13 19:00,2.0
2018-06-13 8:00,22.0
2018-06-13 9:00,12.0
2018-06-14 10:00,62.0
2018-06-14 11:00,2.0
2018-06-14 12:00,0.0
2018-06-14 13:00,237.0
2018-06-14 14:00,16.0
2018-06-14 15:00,176.0
2018-06-14 16:00,16.0
2018-06-14 17:00,1.0
2018-06-14 18:00,31.0
2018-06-14 8:00,0.0
2018-06-15 10:00,2.0
2018-06-15 11:00,17.0
2018-06-15 12:00,3.0
2018-06-15 13:00,25.0
2018-06-15 14:00,51.0
2018-06-15 15:00,18.0
2018-06-15 16:00,59.0
2018-06-15 17:00,13.0
2018-06-15 18:00,20.0
2018-06-15 8:00,739.0
2018-06-15 9:00,108.0
2018-06-16 11:00,0.0
2018-06-16 12:00,36.0
2018-06-16 13:00,861.0
2018-06-16 14:00,2.0
2018-06-16 16:00,14.0
2018-06-16 17:00,372.0
2018-06-17 11:00,20.0
2018-06-17 12:00,0.0
2018-06-17 13:00,0.0
2018-06-17 14:00,0.0
2018-06-17 15:00,0.0
2018-06-17 16:00,18.0
2018-06-17 17:00,7.0
2018-06-18 10:00,0.0
2018-06-18 11:00,0.0
2018-06-18 12:00,6.0
2018-06-18 13:00,4.0
2018-06-18 14:00,110.0
2018-06-18 15:00,135.0
2018-06-18 16:00,46.0
2018-06-18 17:00,6.0
2018-06-18 18:00,32.0
2018-06-18 19:00,20.0
2018-06-18 20:00,0.0
2018-06-18 8:00,0.0
2018-06-19 10:00,8.0
2018-06-19 11:00,25.0
2018-06-19 12:00,17.0
2018-06-19 13:00,1.0
2018-06-19 14:00,1305.0
2018-06-19 15:00,1.0
2018-06-19 16:00,41.0
2018-06-19 17:00,3.0
2018-06-19 20:00,4.0
2018-06-19 8:00,0.0
2018-06-19 9:00,38.0
2018-06-20 10:00,0.0
2018-06-20 11:00,8.0
2018-06-20 12:00,0.0
2018-06-20 13:00,10.0
2018-06-20 14:00,4.0
2018-06-20 15:00,88.0
2018-06-20 16:00,24.0
2018-06-20 17:00,3.0
2018-06-20 18:00,8.0
2018-06-20 8:00,9.0
2018-06-20 9:00,6.0
2018-06-21 10:00,1.0
2018-06-21 12:00,7.0
2018-06-21 13:00,15.0
2018-06-21 14:00,128.0
2018-06-21 15:00,1.0
2018-06-21 16:00,18.0
2018-06-21 17:00,372.0
2018-06-21 18:00,0.0
2018-06-21 19:00,3.0
2018-06-21 20:00,5.0
2018-06-21 8:00,13.0
2018-06-22 10:00,0.0
2018-06-22 11:00,720.0
2018-06-22 12:00,6.0
2018-06-22 13:00,82.0
2018-06-22 14:00,580.0
2018-06-22 15:00,0.0
2018-06-22 16:00,16.0
2018-06-22 17:00,0.0
2018-06-22 18:00,14.0
2018-06-22 8:00,2.0
2018-06-22 9:00,15.0
2018-06-23 10:00,39.0
2018-06-23 11:00,29.0
2018-06-23 12:00,36.0
2018-06-23 13:00,12.0
2018-06-23 14:00,0.0
2018-06-23 15:00,0.0
2018-06-23 16:00,33.0
2018-06-23 17:00,10.0
2018-06-23 20:00,0.0
2018-06-24 11:00,0.0
2018-06-24 12:00,0.0
2018-06-24 13:00,1.0
2018-06-24 14:00,0.0
2018-06-24 16:00,9.0
2018-06-24 17:00,29.0
2018-06-25 10:00,4.0
2018-06-25 11:00,1.0
2018-06-25 12:00,103.0
2018-06-25 13:00,24.0
2018-06-25 14:00,129.0
2018-06-25 15:00,23.0
2018-06-25 16:00,2.0
2018-06-25 17:00,7.0
2018-06-25 18:00,5.0
2018-06-25 8:00,4.0
2018-06-25 9:00,0.0
2018-06-26 10:00,88.0
2018-06-26 11:00,69.0
2018-06-26 12:00,0.0
2018-06-26 13:00,13.0
2018-06-26 14:00,0.0
2018-06-26 15:00,14.0
2018-06-26 16:00,32.0
2018-06-26 17:00,13.0
2018-06-26 18:00,1.0
2018-06-26 20:00,0.0
2018-06-26 8:00,0.0
2018-06-26 9:00,35.0
2018-06-27 10:00,0.0
2018-06-27 11:00,3.0
2018-06-27 12:00,30.0
2018-06-27 13:00,2.0
2018-06-27 15:00,22.0
2018-06-27 16:00,0.0
2018-06-27 17:00,26.0
2018-06-27 18:00,0.0
2018-06-27 8:00,6.0
2018-06-28 10:00,8.0
2018-06-28 11:00,80.0
2018-06-28 12:00,11.0
2018-06-28 13:00,174.0
2018-06-28 14:00,114.0
2018-06-28 15:00,15.0
2018-06-28 16:00,97.0
2018-06-28 17:00,8.0
2018-06-28 18:00,1.0
2018-06-28 19:00,0.0
2018-06-28 20:00,15.0
2018-06-28 8:00,34.0
2018-06-28 9:00,0.0
2018-06-29 10:00,70.0
2018-06-29 11:00,3.0
2018-06-29 12:00,0.0
2018-06-29 13:00,12.0
2018-06-29 14:00,60.0
2018-06-29 15:00,25.0
2018-06-29 16:00,42.0
2018-06-29 17:00,3.0
2018-06-29 18:00,3.0
2018-06-29 19:00,7.0
2018-06-29 8:00,6.0
2018-06-29 9:00,0.0
2018-06-30 10:00,0.0
2018-06-30 11:00,3.0
2018-06-30 12:00,15.0
2018-06-30 13:00,0.0
2018-06-30 14:00,74.0
2018-06-30 16:00,0.0
2018-06-30 17:00,37.0
2018-06-30 9:00,1.0
2018-07-01 11:00,6.0
2018-07-01 12:00,6.0
2018-07-01 13:00,0.0
2018-07-01 14:00,0.0
2018-07-01 15:00,40.0
2018-07-01 16:00,18.0
2018-07-01 17:00,0.0
2018-07-02 10:00,9.0
2018-07-02 11:00,22.0
2018-07-02 12:00,8.0
2018-07-02 13:00,62.0
2018-07-02 14:00,52.0
2018-07-02 15:00,7.0
2018-07-02 16:00,6.0
2018-07-02 17:00,0.0
2018-07-02 18:00,0.0
2018-07-02 8:00,8.0
2018-07-02 9:00,16.0
2018-07-03 10:00,0.0
2018-07-03 11:00,120.0
2018-07-03 12:00,8.0
2018-07-03 13:00,0.0
2018-07-03 14:00,19.0
2018-07-03 15:00,65.0
2018-07-03 16:00,17.0
2018-07-03 17:00,272.0
2018-07-03 18:00,0.0
2018-07-03 19:00,16.0
2018-07-03 20:00,2.0
2018-07-03 8:00,7.0
2018-07-03 9:00,0.0
2018-07-04 10:00,3.0
2018-07-04 11:00,198.0
2018-07-04 12:00,2.0
2018-07-04 13:00,7.0
2018-07-04 14:00,33.0
2018-07-04 15:00,10.0
2018-07-04 16:00,0.0
2018-07-04 17:00,0.0
2018-07-04 18:00,0.0
2018-07-04 19:00,20.0
2018-07-04 9:00,3.0
2018-07-05 10:00,1.0
2018-07-05 11:00,13.0
2018-07-05 13:00,6.0
2018-07-05 14:00,4.0
2018-07-05 15:00,0.0
2018-07-05 16:00,4.0
2018-07-05 17:00,20.0
2018-07-05 18:00,42.0
2018-07-05 20:00,3.0
2018-07-05 8:00,10.0
2018-07-05 9:00,95.0
2018-07-06 10:00,14.0
2018-07-06 12:00,29.0
2018-07-06 13:00,11.0
2018-07-06 14:00,0.0
2018-07-06 15:00,11.0
2018-07-06 16:00,898.0
2018-07-06 17:00,15.0
2018-07-06 18:00,20.0
2018-07-06 19:00,6.0
2018-07-06 8:00,85.0
2018-07-06 9:00,4.0
2018-07-07 10:00,14.0
2018-07-07 12:00,0.0
2018-07-07 14:00,16.0
2018-07-07 15:00,1320.0
2018-07-07 16:00,4.0
2018-07-07 17:00,0.0
2018-07-08 13:00,0.0
2018-07-08 22:00,0.0
2018-07-08 8:00,2.0
2018-07-09 10:00,2.0
2018-07-09 11:00,2.0
2018-07-09 12:00,3.0
2018-07-09 13:00,119.0
2018-07-09 14:00,33.0
2018-07-09 15:00,6.0
2018-07-09 16:00,27.0
2018-07-09 17:00,11.0
2018-07-09 19:00,3.0
2018-07-09 8:00,150.0
2018-07-09 9:00,154.0
2018-07-10 10:00,0.0
2018-07-10 12:00,6.0
2018-07-10 13:00,1.0
2018-07-10 14:00,8.0
2018-07-10 15:00,20.0
2018-07-10 16:00,10.0
2018-07-10 17:00,13.0
2018-07-10 18:00,6.0
2018-07-10 8:00,81.0
2018-07-11 10:00,9.0
2018-07-11 11:00,2.0
2018-07-11 12:00,0.0
2018-07-11 13:00,5.0
2018-07-11 14:00,16.0
2018-07-11 15:00,0.0
2018-07-11 16:00,47.0
2018-07-11 17:00,0.0
2018-07-11 18:00,14.0
2018-07-11 19:00,2.0
2018-07-11 20:00,3.0
2018-07-11 8:00,21.0
2018-07-11 9:00,17.0
2018-07-12 10:00,0.0
2018-07-12 11:00,0.0
2018-07-12 12:00,50.0
2018-07-12 13:00,0.0
2018-07-12 14:00,28.0
2018-07-12 15:00,46.0
2018-07-12 16:00,8.0
2018-07-12 17:00,25.0
2018-07-12 18:00,0.0
2018-07-12 20:00,5.0
2018-07-12 8:00,1.0
2018-07-12 9:00,9.0
2018-07-13 10:00,42.0
2018-07-13 11:00,122.0
2018-07-13 12:00,0.0
2018-07-13 13:00,29.0
2018-07-13 14:00,12.0
2018-07-13 15:00,39.0
2018-07-13 16:00,33.0
2018-07-13 17:00,65.0
2018-07-13 19:00,4.0
2018-07-13 20:00,0.0
2018-07-13 8:00,14.0
2018-07-13 9:00,1.0
2018-07-14 10:00,14.0
2018-07-14 11:00,8.0
2018-07-14 12:00,0.0
2018-07-14 13:00,3.0
2018-07-14 14:00,0.0
2018-07-14 15:00,12.0
2018-07-14 16:00,21.0
2018-07-14 17:00,53.0
2018-07-15 10:00,1.0
2018-07-15 11:00,10.0
2018-07-15 12:00,0.0
2018-07-15 13:00,5.0
2018-07-15 15:00,7.0
2018-07-15 16:00,24.0
2018-07-15 17:00,9.0
2018-07-16 10:00,210.0
2018-07-16 11:00,0.0
2018-07-16 12:00,18.0
2018-07-16 13:00,16.0
2018-07-16 14:00,8.0
2018-07-16 15:00,22.0
2018-07-16 16:00,13.0
2018-07-16 17:00,36.0
2018-07-16 18:00,122.0
2018-07-16 8:00,246.0
2018-07-16 9:00,0.0
2018-07-17 10:00,6.0
2018-07-17 11:00,20.0
2018-07-17 12:00,210.0
2018-07-17 13:00,18.0
2018-07-17 14:00,49.0
2018-07-17 15:00,57.0
2018-07-17 16:00,34.0
2018-07-17 17:00,6.0
2018-07-17 18:00,1.0
2018-07-17 19:00,0.0
2018-07-17 20:00,7.0
2018-07-17 8:00,0.0
2018-07-17 9:00,4.0
2018-07-18 10:00,4.0
2018-07-18 11:00,9.0
2018-07-18 12:00,26.0
2018-07-18 13:00,352.0
2018-07-18 14:00,8.0
2018-07-18 15:00,4.0
2018-07-18 16:00,1.0
2018-07-18 17:00,3.0
2018-07-18 18:00,0.0
2018-07-18 19:00,0.0
2018-07-18 20:00,0.0
2018-07-18 8:00,0.0
2018-07-18 9:00,10.0
2018-07-19 10:00,1.0
2018-07-19 11:00,217.0
2018-07-19 12:00,5.0
2018-07-19 13:00,172.0
2018-07-19 14:00,133.0
2018-07-19 15:00,5.0
2018-07-19 16:00,12.0
2018-07-19 17:00,0.0
2018-07-19 18:00,6.0
2018-07-19 23:00,0.0
2018-07-19 7:00,0.0
2018-07-19 8:00,0.0
2018-07-19 9:00,6.0
2018-07-20 10:00,19.0
2018-07-20 11:00,0.0
2018-07-20 12:00,30.0
2018-07-20 13:00,61.0
2018-07-20 14:00,0.0
2018-07-20 15:00,34.0
2018-07-20 16:00,21.0
2018-07-20 17:00,1.0
2018-07-20 18:00,6.0
2018-07-20 8:00,0.0
2018-07-20 9:00,11.0
2018-07-21 12:00,0.0
2018-07-21 14:00,16.0
2018-07-21 16:00,35.0
2018-07-21 17:00,0.0
2018-07-21 9:00,0.0
2018-07-22 11:00,40.0
2018-07-22 12:00,0.0
2018-07-22 13:00,15.0
2018-07-22 14:00,6.0
2018-07-22 15:00,24.0
2018-07-22 16:00,8.0
2018-07-22 17:00,26.0
2018-07-22 9:00,12.0
2018-07-23 11:00,3.0
2018-07-23 12:00,190.0
2018-07-23 13:00,17.0
2018-07-23 14:00,14.0
2018-07-23 15:00,190.0
2018-07-23 16:00,8.0
2018-07-23 17:00,5.0
2018-07-23 18:00,12.0
2018-07-23 19:00,0.0
2018-07-23 8:00,51.0
2018-07-23 9:00,14.0
2018-07-24 10:00,11.0
2018-07-24 11:00,21.0
2018-07-24 12:00,0.0
2018-07-24 13:00,105.0
2018-07-24 14:00,167.0
2018-07-24 15:00,36.0
2018-07-24 16:00,0.0
2018-07-24 17:00,3.0
2018-07-24 18:00,7.0
2018-07-24 20:00,0.0
2018-07-24 8:00,8.0
2018-07-24 9:00,0.0
2018-07-25 10:00,4.0
2018-07-25 11:00,0.0
2018-07-25 12:00,48.0
2018-07-25 13:00,60.0
2018-07-25 14:00,2.0
2018-07-25 15:00,256.0
2018-07-25 16:00,34.0
2018-07-25 17:00,22.0
2018-07-25 18:00,0.0
2018-07-25 20:00,3.0
2018-07-25 22:00,0.0
2018-07-25 8:00,3.0
2018-07-25 9:00,9.0
2018-07-26 10:00,1.0
2018-07-26 11:00,74.0
2018-07-26 12:00,60.0
2018-07-26 13:00,117.0
2018-07-26 14:00,68.0
2018-07-26 15:00,24.0
2018-07-26 16:00,15.0
2018-07-26 17:00,26.0
2018-07-26 18:00,3.0
2018-07-26 19:00,0.0
2018-07-26 20:00,5.0
2018-07-26 8:00,193.0
2018-07-26 9:00,322.0
2018-07-29 11:00,0.0
2018-07-31 10:00,23.0
2018-07-31 11:00,41.0
2018-07-31 12:00,10.0
2018-07-31 13:00,8.0
2018-07-31 14:00,36.0
2018-07-31 15:00,27.0
2018-07-31 16:00,10.0
2018-07-31 17:00,15.0
2018-07-31 18:00,15.0
2018-07-31 19:00,6.0
2018-07-31 20:00,20.0
2018-07-31 8:00,11.0
2018-07-31 9:00,29.0
2018-08-01 10:00,0.0
2018-08-01 11:00,0.0
2018-08-01 12:00,1.0
2018-08-01 13:00,28.0
2018-08-01 14:00,18.0
2018-08-01 15:00,13.0
2018-08-01 16:00,0.0
2018-08-01 17:00,0.0
2018-08-01 18:00,0.0
2018-08-01 19:00,20.0
2018-08-01 21:00,0.0
2018-08-01 9:00,0.0
2018-08-02 10:00,3.0
2018-08-02 11:00,3.0
2018-08-02 12:00,60.0
2018-08-02 13:00,17.0
2018-08-02 14:00,96.0
2018-08-02 15:00,0.0
2018-08-02 16:00,32.0
2018-08-02 17:00,0.0
2018-08-02 18:00,0.0
2018-08-02 20:00,19.0
2018-08-02 8:00,32.0
2018-08-02 9:00,3.0
2018-08-03 10:00,0.0
2018-08-03 11:00,21.0
2018-08-03 12:00,28.0
2018-08-03 13:00,26.0
2018-08-03 14:00,14.0
2018-08-03 15:00,21.0
2018-08-03 16:00,39.0
2018-08-03 17:00,0.0
2018-08-03 18:00,4.0
2018-08-03 19:00,12.0
2018-08-03 20:00,7.0
2018-08-03 8:00,15.0
2018-08-03 9:00,33.0
2018-08-04 13:00,2.0
2018-08-04 18:00,6.0
2018-08-05 12:00,0.0
2018-08-06 10:00,4.0
2018-08-06 11:00,2.0
2018-08-06 12:00,8.0
2018-08-06 13:00,87.0
2018-08-06 14:00,31.0
2018-08-06 15:00,28.0
2018-08-06 16:00,19.0
2018-08-06 17:00,1.0
2018-08-06 18:00,7.0
2018-08-06 19:00,24.0
2018-08-06 20:00,5.0
2018-08-06 8:00,31.0
2018-08-06 9:00,15.0
2018-08-07 10:00,8.0
2018-08-07 11:00,12.0
2018-08-07 12:00,21.0
2018-08-07 13:00,16.0
2018-08-07 14:00,362.0
2018-08-07 15:00,53.0
2018-08-07 16:00,9.0
2018-08-07 17:00,29.0
2018-08-07 18:00,0.0
2018-08-07 19:00,0.0
2018-08-07 20:00,1.0
2018-08-07 8:00,15.0
2018-08-07 9:00,2.0
2018-08-08 10:00,61.0
2018-08-08 11:00,49.0
2018-08-08 12:00,19.0
2018-08-08 13:00,34.0
2018-08-08 14:00,544.0
2018-08-08 15:00,52.0
2018-08-08 16:00,8.0
2018-08-08 17:00,7.0
2018-08-08 18:00,15.0
2018-08-08 9:00,39.0
2018-08-09 10:00,363.0
2018-08-09 11:00,5.0
2018-08-09 12:00,37.0
2018-08-09 13:00,23.0
2018-08-09 14:00,5.0
2018-08-09 15:00,7.0
2018-08-09 16:00,41.0
2018-08-09 17:00,37.0
2018-08-09 18:00,126.0
2018-08-09 19:00,3.0
2018-08-09 20:00,12.0
2018-08-09 8:00,2.0
2018-08-09 9:00,16.0
2018-08-10 10:00,0.0
2018-08-10 11:00,8.0
2018-08-10 12:00,2.0
2018-08-10 13:00,38.0
2018-08-10 14:00,82.0
2018-08-10 15:00,2.0
2018-08-10 16:00,7.0
2018-08-10 17:00,102.0
2018-08-10 18:00,0.0
2018-08-10 20:00,17.0
2018-08-10 8:00,4.0
2018-08-10 9:00,59.0
2018-08-11 12:00,74.0
2018-08-11 13:00,0.0
2018-08-11 14:00,28.0
2018-08-11 15:00,32.0
2018-08-11 16:00,13.0
2018-08-11 17:00,8.0
2018-08-13 10:00,1.0
2018-08-13 13:00,5.0
2018-08-13 19:00,1.0
2018-08-14 10:00,24.0
2018-08-14 11:00,50.0
2018-08-14 12:00,55.0
2018-08-14 13:00,85.0
2018-08-14 14:00,36.0
2018-08-14 15:00,51.0
2018-08-14 16:00,13.0
2018-08-14 17:00,57.0
2018-08-14 18:00,13.0
2018-08-14 20:00,0.0
2018-08-14 8:00,0.0
2018-08-14 9:00,36.0
2018-08-15 10:00,33.0
2018-08-15 11:00,20.0
2018-08-15 12:00,42.0
2018-08-15 13:00,25.0
2018-08-15 14:00,12.0
2018-08-15 15:00,86.0
2018-08-15 16:00,50.0
2018-08-15 17:00,33.0
2018-08-15 18:00,0.0
2018-08-15 19:00,83.0
2018-08-15 20:00,6.0
2018-08-15 23:00,0.0
2018-08-15 7:00,0.0
2018-08-15 8:00,21.0
2018-08-15 9:00,19.0
2018-08-16 10:00,23.0
2018-08-16 11:00,5.0
2018-08-16 12:00,44.0
2018-08-16 13:00,194.0
2018-08-16 14:00,182.0
2018-08-16 15:00,8.0
2018-08-16 16:00,17.0
2018-08-16 17:00,34.0
2018-08-16 18:00,27.0
2018-08-16 20:00,0.0
2018-08-16 8:00,0.0
2018-08-16 9:00,0.0
2018-08-17 10:00,5.0
2018-08-17 11:00,48.0
2018-08-17 12:00,190.0
2018-08-17 13:00,154.0
2018-08-17 14:00,64.0
2018-08-17 15:00,59.0
2018-08-17 16:00,56.0
2018-08-17 17:00,15.0
2018-08-17 18:00,0.0
2018-08-17 19:00,10.0
2018-08-17 20:00,3.0
2018-08-17 21:00,0.0
2018-08-17 8:00,10.0
2018-08-17 9:00,0.0
2018-08-18 10:00,0.0
2018-08-18 11:00,7.0
2018-08-18 12:00,24.0
2018-08-18 13:00,5.0
2018-08-18 14:00,12.0
2018-08-18 15:00,36.0
2018-08-18 16:00,14.0
2018-08-18 17:00,73.0
2018-08-19 10:00,7.0
2018-08-19 12:00,0.0
2018-08-19 13:00,3.0
2018-08-19 14:00,1.0
2018-08-19 15:00,83.0
2018-08-19 16:00,23.0
2018-08-19 17:00,68.0
2018-08-20 10:00,11.0
2018-08-20 11:00,0.0
2018-08-20 12:00,70.0
2018-08-20 13:00,5.0
2018-08-20 14:00,53.0
2018-08-20 15:00,130.0
2018-08-20 16:00,18.0
2018-08-20 17:00,21.0
2018-08-20 18:00,51.0
2018-08-20 19:00,18.0
2018-08-20 20:00,6.0
2018-08-20 8:00,0.0
2018-08-20 9:00,23.0
2018-08-21 10:00,3.0
2018-08-21 11:00,44.0
2018-08-21 12:00,66.0
2018-08-21 13:00,92.0
2018-08-21 14:00,0.0
2018-08-21 15:00,101.0
2018-08-21 16:00,302.0
2018-08-21 17:00,57.0
2018-08-21 18:00,21.0
2018-08-21 19:00,47.0
2018-08-21 8:00,28.0
2018-08-21 9:00,122.0
2018-08-22 10:00,12.0
2018-08-22 11:00,8.0
2018-08-22 12:00,39.0
2018-08-22 13:00,38.0
2018-08-22 14:00,3.0
2018-08-22 15:00,28.0
2018-08-22 16:00,12.0
2018-08-22 17:00,39.0
2018-08-22 18:00,49.0
2018-08-22 19:00,0.0
2018-08-22 20:00,0.0
2018-08-22 7:00,5.0
2018-08-22 8:00,16.0
2018-08-22 9:00,3.0
2018-08-23 10:00,29.0
2018-08-23 11:00,29.0
2018-08-23 12:00,58.0
2018-08-23 13:00,16.0
2018-08-23 14:00,30.0
2018-08-23 15:00,100.0
2018-08-23 16:00,56.0
2018-08-23 17:00,65.0
2018-08-23 18:00,20.0
2018-08-23 19:00,16.0
2018-08-23 20:00,10.0
2018-08-23 8:00,14.0
2018-08-23 9:00,31.0
2018-08-24 10:00,27.0
2018-08-24 11:00,23.0
2018-08-24 12:00,25.0
2018-08-24 13:00,14.0
2018-08-24 14:00,0.0
2018-08-24 15:00,376.0
2018-08-24 16:00,127.0
2018-08-24 17:00,3.0
2018-08-24 18:00,1.0
2018-08-24 19:00,10.0
2018-08-24 20:00,10.0
2018-08-24 7:00,12.0
2018-08-24 8:00,5.0
2018-08-24 9:00,878.0
2018-08-25 10:00,0.0
2018-08-25 11:00,8.0
2018-08-25 12:00,5.0
2018-08-25 13:00,1.0
2018-08-25 14:00,1.0
2018-08-25 15:00,72.0
2018-08-25 16:00,32.0
2018-08-25 17:00,30.0
2018-08-25 9:00,3.0
2018-08-26 10:00,20.0
2018-08-26 12:00,0.0
2018-08-26 13:00,1.0
2018-08-26 15:00,24.0
2018-08-26 16:00,2.0
2018-08-26 17:00,13.0
2018-08-26 23:00,0.0
2018-08-27 10:00,3.0
2018-08-27 11:00,60.0
2018-08-27 12:00,87.0
2018-08-27 13:00,65.0
2018-08-27 14:00,14.0
2018-08-27 15:00,98.0
2018-08-27 16:00,28.0
2018-08-27 17:00,129.0
2018-08-27 18:00,85.0
2018-08-27 19:00,36.0
2018-08-27 20:00,0.0
2018-08-27 8:00,17.0
2018-08-27 9:00,4.0
2018-08-28 10:00,0.0
2018-08-28 11:00,0.0
2018-08-28 12:00,39.0
2018-08-28 13:00,35.0
2018-08-28 14:00,1.0
2018-08-28 15:00,8.0
2018-08-28 16:00,15.0
2018-08-28 17:00,36.0
2018-08-28 18:00,55.0
2018-08-28 19:00,0.0
2018-08-28 20:00,6.0
2018-08-28 8:00,27.0
2018-08-28 9:00,146.0
2018-08-29 10:00,217.0
2018-08-29 11:00,60.0
2018-08-29 12:00,79.0
2018-08-29 13:00,2.0
2018-08-29 14:00,19.0
2018-08-29 15:00,36.0
2018-08-29 16:00,49.0
2018-08-29 17:00,34.0
2018-08-29 18:00,27.0
2018-08-29 19:00,72.0
2018-08-29 20:00,3.0
2018-08-29 8:00,17.0
2018-08-29 9:00,51.0
2018-08-30 10:00,1.0
2018-08-30 11:00,14.0
2018-08-30 12:00,72.0
2018-08-30 13:00,4.0
2018-08-30 14:00,70.0
2018-08-30 15:00,41.0
2018-08-30 16:00,68.0
2018-08-30 17:00,12.0
2018-08-30 18:00,30.0
2018-08-30 19:00,0.0
2018-08-30 20:00,5.0
2018-08-30 8:00,21.0
2018-08-30 9:00,10.0
2018-08-31 10:00,35.0
2018-08-31 11:00,84.0
2018-08-31 12:00,39.0
2018-08-31 13:00,86.0
2018-08-31 14:00,23.0
2018-08-31 15:00,97.0
2018-08-31 16:00,38.0
2018-08-31 17:00,0.0
2018-08-31 18:00,12.0
2018-08-31 19:00,17.0
2018-08-31 8:00,68.0
2018-08-31 9:00,11.0
2018-09-01 10:00,0.0
2018-09-01 11:00,0.0
2018-09-01 12:00,11.0
2018-09-01 13:00,8.0
2018-09-01 14:00,12.0
2018-09-01 15:00,50.0
2018-09-01 16:00,69.0
2018-09-01 17:00,21.0
2018-09-01 22:00,4.0
2018-09-01 9:00,9.0
2018-09-02 10:00,2.0
2018-09-02 11:00,4.0
2018-09-02 12:00,26.0
2018-09-02 13:00,7.0
2018-09-02 14:00,20.0
2018-09-02 15:00,2.0
2018-09-02 16:00,18.0
2018-09-02 17:00,45.0
2018-09-02 9:00,0.0
2018-09-03 10:00,903.0
2018-09-03 11:00,129.0
2018-09-03 12:00,86.0
2018-09-03 13:00,24.0
2018-09-03 14:00,33.0
2018-09-03 15:00,53.0
2018-09-03 16:00,26.0
2018-09-03 17:00,53.0
2018-09-03 18:00,32.0
2018-09-03 19:00,0.0
2018-09-03 20:00,32.0
2018-09-03 7:00,0.0
2018-09-03 8:00,42.0
2018-09-03 9:00,106.0
2018-09-04 10:00,20.0
2018-09-04 11:00,109.0
2018-09-04 12:00,55.0
2018-09-04 13:00,31.0
2018-09-04 14:00,100.0
2018-09-04 15:00,19.0
2018-09-04 16:00,100.0
2018-09-04 17:00,31.0
2018-09-04 18:00,49.0
2018-09-04 19:00,0.0
2018-09-04 20:00,23.0
2018-09-04 8:00,46.0
2018-09-04 9:00,0.0
2018-09-05 10:00,5.0
2018-09-05 11:00,7.0
2018-09-05 12:00,61.0
2018-09-05 13:00,0.0
2018-09-05 14:00,46.0
2018-09-05 15:00,9.0
2018-09-05 16:00,119.0
2018-09-05 17:00,32.0
2018-09-05 18:00,17.0
2018-09-05 19:00,0.0
2018-09-05 20:00,7.0
2018-09-05 8:00,1.0
2018-09-05 9:00,8.0
2018-09-06 10:00,9.0
2018-09-06 11:00,6.0
2018-09-06 12:00,25.0
2018-09-06 13:00,28.0
2018-09-06 14:00,10.0
2018-09-06 15:00,66.0
2018-09-06 16:00,67.0
2018-09-06 17:00,42.0
2018-09-06 18:00,65.0
2018-09-06 19:00,5.0
2018-09-06 8:00,4.0
2018-09-07 11:00,10.0
2018-09-07 12:00,53.0
2018-09-07 13:00,11.0
2018-09-07 14:00,71.0
2018-09-07 15:00,19.0
2018-09-07 16:00,9.0
2018-09-07 17:00,35.0
2018-09-07 18:00,7.0
2018-09-07 19:00,20.0
2018-09-07 20:00,0.0
2018-09-07 8:00,2.0
2018-09-07 9:00,9.0
2018-09-08 10:00,36.0
2018-09-08 11:00,2.0
2018-09-08 12:00,9.0
2018-09-08 13:00,2.0
2018-09-08 14:00,0.0
2018-09-08 15:00,34.0
2018-09-08 16:00,10.0
2018-09-08 17:00,54.0
2018-09-08 18:00,0.0
2018-09-09 11:00,0.0
2018-09-09 12:00,4.0
2018-09-09 13:00,6.0
2018-09-09 14:00,3.0
2018-09-09 15:00,35.0
2018-09-09 16:00,22.0
2018-09-09 17:00,50.0
2018-09-10 10:00,33.0
2018-09-10 11:00,34.0
2018-09-10 12:00,119.0
2018-09-10 13:00,57.0
2018-09-10 14:00,24.0
2018-09-10 15:00,31.0
2018-09-10 16:00,132.0
2018-09-10 17:00,5.0
2018-09-10 18:00,55.0
2018-09-10 19:00,18.0
2018-09-10 8:00,3.0
2018-09-10 9:00,23.0
2018-09-11 10:00,1914.0
2018-09-11 11:00,45.0
2018-09-11 12:00,303.0
2018-09-11 13:00,27.0
2018-09-11 14:00,21.0
2018-09-11 15:00,19.0
2018-09-11 16:00,49.0
2018-09-11 17:00,42.0
2018-09-11 18:00,23.0
2018-09-11 19:00,0.0
2018-09-11 20:00,21.0
2018-09-11 8:00,2.0
2018-09-11 9:00,30.0
2018-09-12 10:00,37.0
2018-09-12 11:00,19.0
2018-09-12 12:00,779.0
2018-09-12 13:00,402.0
2018-09-12 14:00,24.0
2018-09-12 15:00,47.0
2018-09-12 16:00,8.0
2018-09-12 17:00,9.0
2018-09-12 18:00,34.0
2018-09-12 19:00,25.0
2018-09-12 20:00,1.0
2018-09-12 8:00,2.0
2018-09-12 9:00,12.0
2018-09-13 10:00,0.0
2018-09-13 11:00,66.0
2018-09-13 12:00,741.0
2018-09-13 13:00,44.0
2018-09-13 14:00,3.0
2018-09-13 15:00,21.0
2018-09-13 16:00,56.0
2018-09-13 17:00,62.0
2018-09-13 18:00,66.0
2018-09-13 19:00,0.0
2018-09-13 20:00,1.0
2018-09-13 8:00,3.0
2018-09-13 9:00,24.0
2018-09-14 10:00,0.0
2018-09-14 11:00,14.0
2018-09-14 12:00,11.0
2018-09-14 13:00,49.0
2018-09-14 14:00,13.0
2018-09-14 15:00,27.0
2018-09-14 16:00,40.0
2018-09-14 17:00,37.0
2018-09-14 18:00,9.0
2018-09-14 19:00,3.0
2018-09-14 20:00,0.0
2018-09-14 8:00,10.0
2018-09-14 9:00,27.0
2018-09-15 10:00,0.0
2018-09-15 11:00,0.0
2018-09-15 12:00,70.0
2018-09-15 13:00,13.0
2018-09-15 14:00,0.0
2018-09-15 15:00,6.0
2018-09-15 16:00,174.0
2018-09-15 17:00,52.0
2018-09-15 18:00,0.0
2018-09-15 9:00,25.0
2018-09-16 10:00,15.0
2018-09-16 11:00,6.0
2018-09-16 12:00,12.0
2018-09-16 13:00,0.0
2018-09-16 14:00,0.0
2018-09-16 15:00,6.0
2018-09-16 16:00,7.0
2018-09-16 17:00,14.0
2018-09-17 10:00,10.0
2018-09-17 11:00,3.0
2018-09-17 12:00,34.0
2018-09-17 13:00,205.0
2018-09-17 14:00,103.0
2018-09-17 15:00,204.0
2018-09-17 16:00,73.0
2018-09-17 17:00,58.0
2018-09-17 18:00,32.0
2018-09-17 19:00,5.0
2018-09-17 20:00,1.0
2018-09-17 7:00,0.0
2018-09-17 8:00,16.0
2018-09-17 9:00,34.0
2018-09-18 10:00,102.0
2018-09-18 11:00,9.0
2018-09-18 12:00,70.0
2018-09-18 13:00,30.0
2018-09-18 14:00,64.0
2018-09-18 15:00,125.0
2018-09-18 16:00,76.0
2018-09-18 17:00,86.0
2018-09-18 18:00,24.0
2018-09-18 19:00,8.0
2018-09-18 20:00,3.0
2018-09-18 8:00,20.0
2018-09-18 9:00,7.0
2018-09-19 10:00,74.0
2018-09-19 11:00,13.0
2018-09-19 12:00,12.0
2018-09-19 13:00,19.0
2018-09-19 14:00,81.0
2018-09-19 15:00,48.0
2018-09-19 16:00,34.0
2018-09-19 17:00,26.0
2018-09-19 18:00,30.0
2018-09-19 19:00,13.0
2018-09-19 21:00,0.0
2018-09-19 7:00,0.0
2018-09-19 8:00,0.0
2018-09-19 9:00,10.0
2018-09-20 10:00,35.0
2018-09-20 11:00,54.0
2018-09-20 12:00,17.0
2018-09-20 13:00,20.0
2018-09-20 14:00,0.0
2018-09-20 15:00,132.0
2018-09-20 16:00,16.0
2018-09-20 17:00,38.0
2018-09-20 18:00,30.0
2018-09-20 19:00,10.0
2018-09-20 20:00,24.0
2018-09-20 8:00,5.0
2018-09-20 9:00,40.0
2018-09-21 10:00,0.0
2018-09-21 11:00,29.0
2018-09-21 12:00,46.0
2018-09-21 13:00,46.0
2018-09-21 14:00,13.0
2018-09-21 15:00,88.0
2018-09-21 16:00,42.0
2018-09-21 17:00,62.0
2018-09-21 18:00,30.0
2018-09-21 19:00,0.0
2018-09-21 20:00,7.0
2018-09-21 22:00,0.0
2018-09-21 8:00,9.0
2018-09-21 9:00,5.0
2018-09-22 10:00,0.0
2018-09-22 11:00,39.0
2018-09-22 12:00,33.0
2018-09-22 13:00,30.0
2018-09-22 14:00,27.0
2018-09-22 15:00,5.0
2018-09-22 16:00,7.0
2018-09-22 17:00,26.0
2018-09-22 18:00,0.0
2018-09-22 21:00,0.0
2018-09-22 9:00,0.0
2018-09-23 10:00,20.0
2018-09-23 12:00,12.0
2018-09-23 14:00,30.0
2018-09-23 15:00,0.0
2018-09-23 16:00,9.0
2018-09-23 17:00,23.0
2018-09-23 9:00,0.0
2018-09-24 10:00,5.0
2018-09-24 11:00,8.0
2018-09-24 12:00,10.0
2018-09-24 13:00,35.0
2018-09-24 14:00,71.0
2018-09-24 15:00,25.0
2018-09-24 16:00,4.0
2018-09-24 17:00,20.0
2018-09-24 18:00,24.0
2018-09-24 19:00,3.0
2018-09-24 20:00,37.0
2018-09-24 22:00,2.0
2018-09-24 23:00,30.0
2018-09-24 7:00,1.0
2018-09-24 8:00,3.0
2018-09-24 9:00,18.0
2018-09-25 10:00,41.0
2018-09-25 11:00,30.0
2018-09-25 12:00,45.0
2018-09-25 13:00,19.0
2018-09-25 14:00,16.0
2018-09-25 15:00,42.0
2018-09-25 16:00,14.0
2018-09-25 17:00,13.0
2018-09-25 18:00,0.0
2018-09-25 19:00,4.0
2018-09-25 20:00,21.0
2018-09-25 21:00,15.0
2018-09-25 23:00,0.0
2018-09-25 8:00,39.0
2018-09-25 9:00,38.0
2018-09-26 10:00,58.0
2018-09-26 11:00,57.0
2018-09-26 12:00,400.0
2018-09-26 13:00,32.0
2018-09-26 14:00,8.0
2018-09-26 15:00,3.0
2018-09-26 16:00,32.0
2018-09-26 17:00,67.0
2018-09-26 18:00,40.0
2018-09-26 19:00,155.0
2018-09-26 20:00,40.0
2018-09-26 21:00,18.0
2018-09-26 8:00,22.0
2018-09-26 9:00,68.0
2018-09-27 10:00,31.0
2018-09-27 11:00,8.0
2018-09-27 12:00,49.0
2018-09-27 13:00,66.0
2018-09-27 14:00,0.0
2018-09-27 15:00,219.0
2018-09-27 16:00,91.0
2018-09-27 17:00,0.0
2018-09-27 18:00,7.0
2018-09-27 19:00,0.0
2018-09-27 20:00,0.0
2018-09-27 23:00,5.0
2018-09-27 8:00,1.0
2018-09-27 9:00,14.0
2018-09-28 10:00,33.0
2018-09-28 11:00,18.0
2018-09-28 12:00,39.0
2018-09-28 13:00,14.0
2018-09-28 14:00,14.0
2018-09-28 15:00,32.0
2018-09-28 16:00,15.0
2018-09-28 17:00,30.0
2018-09-28 18:00,4.0
2018-09-28 19:00,5.0
2018-09-28 20:00,9.0
2018-09-28 21:00,0.0
2018-09-28 23:00,3.0
2018-09-28 8:00,2.0
2018-09-28 9:00,35.0
2018-09-29 10:00,33.0
2018-09-29 11:00,28.0
2018-09-29 12:00,24.0
2018-09-29 13:00,31.0
2018-09-29 14:00,6.0
2018-09-29 15:00,0.0
2018-09-29 16:00,49.0
2018-09-29 17:00,42.0
2018-09-29 20:00,1.0
2018-09-29 21:00,6.0
2018-09-29 23:00,6.0
2018-09-29 5:00,0.0
2018-09-29 9:00,0.0
2018-09-30 10:00,7.0
2018-09-30 12:00,0.0
2018-09-30 13:00,48.0
2018-09-30 15:00,17.0
2018-09-30 16:00,20.0
2018-09-30 17:00,8.0
2018-09-30 18:00,1.0
2018-09-30 19:00,0.0
2018-09-30 20:00,1.0
2018-09-30 21:00,0.0
2018-09-30 23:00,45.0
2018-10-01 10:00,60.0
2018-10-01 11:00,10.0
2018-10-01 12:00,29.0
2018-10-01 13:00,35.0
2018-10-01 14:00,102.0
2018-10-01 15:00,161.0
2018-10-01 16:00,11.0
2018-10-01 17:00,20.0
2018-10-01 18:00,45.0
2018-10-01 19:00,3.0
2018-10-01 1:00,0.0
2018-10-01 20:00,7.0
2018-10-01 21:00,0.0
2018-10-01 22:00,5.0
2018-10-01 8:00,6.0
2018-10-01 9:00,6.0
2018-10-02 10:00,2.0
2018-10-02 11:00,22.0
2018-10-02 12:00,52.0
2018-10-02 13:00,107.0
2018-10-02 14:00,27.0
2018-10-02 15:00,113.0
2018-10-02 16:00,69.0
2018-10-02 17:00,60.0
2018-10-02 18:00,11.0
2018-10-02 19:00,0.0
2018-10-02 20:00,0.0
2018-10-02 21:00,12.0
2018-10-02 22:00,0.0
2018-10-02 8:00,27.0
2018-10-02 9:00,32.0
2018-10-03 0:00,0.0
2018-10-03 10:00,1.0
2018-10-03 11:00,14.0
2018-10-03 12:00,10.0
2018-10-03 13:00,19.0
2018-10-03 14:00,25.0
2018-10-03 15:00,91.0
2018-10-03 16:00,60.0
2018-10-03 17:00,28.0
2018-10-03 18:00,0.0
2018-10-03 19:00,25.0
2018-10-03 20:00,4.0
2018-10-03 21:00,8.0
2018-10-03 8:00,58.0
2018-10-03 9:00,3.0
2018-10-04 10:00,5.0
2018-10-04 11:00,0.0
2018-10-04 12:00,36.0
2018-10-04 13:00,18.0
2018-10-04 14:00,79.0
2018-10-04 15:00,7.0
2018-10-04 16:00,42.0
2018-10-04 17:00,11.0
2018-10-04 18:00,12.0
2018-10-04 19:00,20.0
2018-10-04 20:00,31.0
2018-10-04 22:00,6.0
2018-10-04 23:00,0.0
2018-10-04 8:00,1.0
2018-10-04 9:00,0.0
2018-10-05 10:00,12.0
2018-10-05 11:00,26.0
2018-10-05 12:00,2.0
2018-10-05 13:00,8.0
2018-10-05 14:00,99.0
2018-10-05 15:00,125.0
2018-10-05 16:00,108.0
2018-10-05 17:00,6.0
2018-10-05 18:00,87.0
2018-10-05 19:00,22.0
2018-10-05 20:00,0.0
2018-10-05 23:00,0.0
2018-10-05 9:00,0.0
2018-10-06 10:00,1.0
2018-10-06 11:00,5.0
2018-10-06 12:00,18.0
2018-10-06 13:00,20.0
2018-10-06 14:00,13.0
2018-10-06 15:00,22.0
2018-10-06 16:00,117.0
2018-10-06 17:00,16.0
2018-10-06 18:00,14.0
2018-10-06 19:00,10.0
2018-10-06 20:00,0.0
2018-10-06 22:00,6.0
2018-10-06 9:00,30.0
2018-10-07 10:00,0.0
2018-10-07 12:00,30.0
2018-10-07 13:00,3.0
2018-10-07 14:00,26.0
2018-10-07 15:00,21.0
2018-10-07 16:00,10.0
2018-10-07 17:00,12.0
2018-10-07 18:00,0.0
2018-10-07 22:00,3.0
2018-10-07 23:00,9.0
2018-10-07 9:00,0.0
2018-10-08 10:00,0.0
2018-10-08 11:00,167.0
2018-10-08 12:00,0.0
2018-10-08 13:00,62.0
2018-10-08 14:00,17.0
2018-10-08 15:00,1.0
2018-10-08 16:00,11.0
2018-10-08 17:00,42.0
2018-10-08 18:00,14.0
2018-10-08 20:00,24.0
2018-10-08 3:00,0.0
2018-10-08 8:00,40.0
2018-10-08 9:00,14.0
2018-10-09 10:00,22.0
2018-10-09 11:00,96.0
2018-10-09 12:00,210.0
2018-10-09 13:00,22.0
2018-10-09 14:00,105.0
2018-10-09 15:00,45.0
2018-10-09 16:00,121.0
2018-10-09 17:00,8.0
2018-10-09 18:00,24.0
2018-10-09 19:00,3.0
2018-10-09 20:00,0.0
2018-10-09 22:00,7.0
2018-10-09 23:00,40.0
2018-10-09 8:00,8.0
2018-10-09 9:00,22.0
2018-10-10 10:00,19.0
2018-10-10 11:00,82.0
2018-10-10 12:00,26.0
2018-10-10 13:00,67.0
2018-10-10 14:00,28.0
2018-10-10 15:00,7.0
2018-10-10 16:00,17.0
2018-10-10 17:00,16.0
2018-10-10 18:00,30.0
2018-10-10 19:00,0.0
2018-10-10 20:00,35.0
2018-10-10 22:00,4.0
2018-10-10 3:00,2.0
2018-10-10 8:00,16.0
2018-10-10 9:00,8.0
2018-10-11 10:00,7.0
2018-10-11 11:00,21.0
2018-10-11 12:00,148.0
2018-10-11 13:00,35.0
2018-10-11 14:00,0.0
2018-10-11 15:00,46.0
2018-10-11 16:00,87.0
2018-10-11 17:00,30.0
2018-10-11 18:00,26.0
2018-10-11 19:00,0.0
2018-10-11 20:00,19.0
2018-10-11 8:00,2.0
2018-10-11 9:00,187.0
2018-10-12 10:00,54.0
2018-10-12 11:00,6.0
2018-10-12 12:00,41.0
2018-10-12 13:00,67.0
2018-10-12 14:00,168.0
2018-10-12 15:00,95.0
2018-10-12 16:00,97.0
2018-10-12 17:00,21.0
2018-10-12 18:00,50.0
2018-10-12 19:00,32.0
2018-10-12 20:00,8.0
2018-10-12 22:00,0.0
2018-10-12 8:00,9.0
2018-10-12 9:00,46.0
2018-10-13 16:00,6.0
2018-10-14 22:00,0.0
2018-10-16 10:00,7.0
2018-10-16 11:00,11.0
2018-10-16 12:00,51.0
2018-10-16 13:00,23.0
2018-10-16 14:00,59.0
2018-10-16 15:00,126.0
2018-10-16 16:00,149.0
2018-10-16 17:00,46.0
2018-10-16 18:00,105.0
2018-10-16 19:00,0.0
2018-10-16 20:00,12.0
2018-10-16 7:00,90.0
2018-10-16 8:00,97.0
2018-10-16 9:00,20.0
2018-10-17 10:00,36.0
2018-10-17 11:00,41.0
2018-10-17 12:00,56.0
2018-10-17 13:00,30.0
2018-10-17 14:00,26.0
2018-10-17 15:00,57.0
2018-10-17 16:00,86.0
2018-10-17 17:00,47.0
2018-10-17 18:00,50.0
2018-10-17 19:00,2.0
2018-10-17 8:00,16.0
2018-10-17 9:00,34.0
2018-10-18 10:00,21.0
2018-10-18 11:00,49.0
2018-10-18 12:00,23.0
2018-10-18 13:00,61.0
2018-10-18 14:00,47.0
2018-10-18 15:00,36.0
2018-10-18 16:00,18.0
2018-10-18 17:00,31.0
2018-10-18 18:00,94.0
2018-10-18 19:00,0.0
2018-10-18 20:00,6.0
2018-10-18 7:00,1.0
2018-10-18 8:00,6.0
2018-10-18 9:00,71.0
2018-10-19 10:00,7.0
2018-10-19 11:00,40.0
2018-10-19 12:00,87.0
2018-10-19 13:00,139.0
2018-10-19 14:00,20.0
2018-10-19 15:00,82.0
2018-10-19 16:00,30.0
2018-10-19 17:00,52.0
2018-10-19 18:00,12.0
2018-10-19 19:00,0.0
2018-10-19 20:00,7.0
2018-10-19 8:00,18.0
2018-10-19 9:00,5.0
2018-10-20 10:00,0.0
2018-10-20 11:00,21.0
2018-10-20 12:00,264.0
2018-10-20 13:00,30.0
2018-10-20 14:00,52.0
2018-10-20 15:00,11.0
2018-10-20 16:00,41.0
2018-10-20 17:00,18.0
2018-10-21 10:00,1.0
2018-10-21 12:00,16.0
2018-10-21 13:00,0.0
2018-10-21 14:00,24.0
2018-10-21 15:00,13.0
2018-10-21 16:00,16.0
2018-10-21 17:00,54.0
2018-10-21 9:00,20.0
2018-10-22 10:00,23.0
2018-10-22 11:00,21.0
2018-10-22 12:00,80.0
2018-10-22 13:00,52.0
2018-10-22 14:00,122.0
2018-10-22 15:00,400.0
2018-10-22 16:00,52.0
2018-10-22 17:00,131.0
2018-10-22 18:00,46.0
2018-10-22 19:00,3.0
2018-10-22 20:00,8.0
2018-10-22 8:00,8.0
2018-10-22 9:00,46.0
2018-10-24 10:00,0.0
2018-10-24 11:00,115.0
2018-10-24 12:00,66.0
2018-10-24 13:00,8.0
2018-10-24 14:00,88.0
2018-10-24 15:00,47.0
2018-10-24 16:00,256.0
2018-10-24 17:00,86.0
2018-10-24 18:00,24.0
2018-10-24 19:00,42.0
2018-10-24 20:00,7.0
2018-10-24 8:00,100.0
2018-10-24 9:00,10.0
2018-10-25 10:00,11.0
2018-10-25 11:00,4.0
2018-10-25 12:00,21.0
2018-10-25 13:00,65.0
2018-10-25 14:00,12.0
2018-10-25 15:00,3.0
2018-10-25 16:00,105.0
2018-10-25 17:00,51.0
2018-10-25 18:00,79.0
2018-10-25 19:00,2.0
2018-10-25 20:00,2.0
2018-10-25 8:00,58.0
2018-10-25 9:00,12.0
2018-10-26 10:00,0.0
2018-10-26 11:00,36.0
2018-10-26 12:00,18.0
2018-10-26 13:00,28.0
2018-10-26 14:00,55.0
2018-10-26 15:00,70.0
2018-10-26 16:00,83.0
2018-10-26 17:00,40.0
2018-10-26 18:00,8.0
2018-10-26 19:00,6.0
2018-10-26 21:00,0.0
2018-10-26 8:00,36.0
2018-10-26 9:00,9.0
2018-10-27 10:00,25.0
2018-10-27 11:00,39.0
2018-10-27 12:00,27.0
2018-10-27 13:00,7.0
2018-10-27 14:00,4.0
2018-10-27 15:00,37.0
2018-10-27 16:00,23.0
2018-10-27 17:00,25.0
2018-10-27 9:00,69.0
2018-10-28 11:00,0.0
2018-10-28 13:00,3.0
2018-10-28 14:00,0.0
2018-10-28 15:00,0.0
2018-10-28 16:00,10.0
2018-10-28 17:00,25.0
2018-10-28 9:00,1.0
2018-10-29 10:00,44.0
2018-10-29 11:00,8.0
2018-10-29 12:00,23.0
2018-10-29 13:00,4.0
2018-10-29 14:00,52.0
2018-10-29 15:00,93.0
2018-10-29 16:00,45.0
2018-10-29 17:00,47.0
2018-10-29 18:00,21.0
2018-10-29 19:00,3.0
2018-10-29 20:00,0.0
2018-10-29 7:00,4.0
2018-10-29 8:00,14.0
2018-10-29 9:00,3.0
2018-10-30 10:00,0.0
2018-10-30 11:00,19.0
2018-10-30 12:00,162.0
2018-10-30 13:00,44.0
2018-10-30 14:00,0.0
2018-10-30 15:00,40.0
2018-10-30 16:00,21.0
2018-10-30 17:00,15.0
2018-10-30 18:00,92.0
2018-10-30 19:00,3.0
2018-10-30 20:00,12.0
2018-10-30 8:00,2.0
2018-10-30 9:00,6.0
2018-10-31 10:00,22.0
2018-10-31 11:00,20.0
2018-10-31 12:00,34.0
2018-10-31 13:00,13.0
2018-10-31 14:00,30.0
2018-10-31 15:00,54.0
2018-10-31 16:00,45.0
2018-10-31 17:00,65.0
2018-10-31 18:00,15.0
2018-10-31 8:00,23.0
2018-10-31 9:00,21.0
2018-11-01 10:00,1.0
2018-11-01 11:00,197.0
2018-11-01 12:00,13.0
2018-11-01 13:00,180.0
2018-11-01 14:00,188.0
2018-11-01 15:00,71.0
2018-11-01 16:00,65.0
2018-11-01 17:00,71.0
2018-11-01 18:00,30.0
2018-11-01 19:00,7.0
2018-11-01 20:00,0.0
2018-11-01 8:00,75.0
2018-11-01 9:00,43.0
2018-11-02 10:00,125.0
2018-11-02 11:00,0.0
2018-11-02 12:00,58.0
2018-11-02 13:00,59.0
2018-11-02 14:00,66.0
2018-11-02 15:00,102.0
2018-11-02 16:00,93.0
2018-11-02 17:00,101.0
2018-11-02 18:00,66.0
2018-11-02 19:00,1.0
2018-11-02 20:00,15.0
2018-11-02 21:00,0.0
2018-11-02 8:00,18.0
2018-11-02 9:00,11.0
2018-11-03 10:00,10.0
2018-11-03 11:00,11.0
2018-11-03 12:00,16.0
2018-11-03 14:00,0.0
2018-11-03 15:00,35.0
2018-11-03 16:00,72.0
2018-11-03 17:00,150.0
2018-11-03 21:00,0.0
2018-11-04 11:00,2.0
2018-11-04 13:00,2.0
2018-11-04 14:00,3.0
2018-11-04 15:00,0.0
2018-11-04 16:00,26.0
2018-11-04 17:00,29.0
2018-11-05 10:00,6.0
2018-11-05 11:00,9.0
2018-11-05 12:00,71.0
2018-11-05 13:00,35.0
2018-11-05 14:00,25.0
2018-11-05 15:00,37.0
2018-11-05 16:00,91.0
2018-11-05 17:00,106.0
2018-11-05 18:00,10.0
2018-11-05 19:00,11.0
2018-11-05 20:00,9.0
2018-11-05 8:00,60.0
2018-11-05 9:00,80.0
2018-11-06 10:00,16.0
2018-11-06 11:00,30.0
2018-11-06 12:00,46.0
2018-11-06 13:00,42.0
2018-11-06 14:00,8.0
2018-11-06 15:00,47.0
2018-11-06 16:00,36.0
2018-11-06 17:00,16.0
2018-11-06 18:00,24.0
2018-11-06 19:00,4.0
2018-11-06 20:00,0.0
2018-11-06 8:00,1.0
2018-11-06 9:00,8.0
2018-11-07 10:00,4.0
2018-11-07 11:00,4.0
2018-11-07 12:00,37.0
2018-11-07 13:00,27.0
2018-11-07 14:00,33.0
2018-11-07 15:00,45.0
2018-11-07 16:00,116.0
2018-11-07 17:00,31.0
2018-11-07 18:00,17.0
2018-11-07 19:00,0.0
2018-11-07 21:00,14.0
2018-11-07 8:00,12.0
2018-11-07 9:00,34.0
2018-11-08 10:00,3.0
2018-11-08 11:00,18.0
2018-11-08 12:00,806.0
2018-11-08 13:00,27.0
2018-11-08 14:00,12.0
2018-11-08 15:00,32.0
2018-11-08 16:00,188.0
2018-11-08 17:00,22.0
2018-11-08 18:00,18.0
2018-11-08 19:00,3.0
2018-11-08 20:00,5.0
2018-11-08 8:00,8.0
2018-11-08 9:00,1435.0
2018-11-09 10:00,33.0
2018-11-09 11:00,22.0
2018-11-09 12:00,5.0
2018-11-09 13:00,29.0
2018-11-09 14:00,7.0
2018-11-09 15:00,60.0
2018-11-09 16:00,68.0
2018-11-09 17:00,4.0
2018-11-09 18:00,23.0
2018-11-09 19:00,2.0
2018-11-09 8:00,22.0
2018-11-09 9:00,79.0
2018-11-10 10:00,4.0
2018-11-10 11:00,3.0
2018-11-10 12:00,10.0
2018-11-10 13:00,4.0
2018-11-10 14:00,95.0
2018-11-10 15:00,64.0
2018-11-10 16:00,7.0
2018-11-10 17:00,32.0
2018-11-10 19:00,46.0
2018-11-10 9:00,4.0
2018-11-11 10:00,9.0
2018-11-11 11:00,85.0
2018-11-11 12:00,2.0
2018-11-11 13:00,0.0
2018-11-11 14:00,30.0
2018-11-11 15:00,4.0
2018-11-11 16:00,0.0
2018-11-11 17:00,8.0
2018-11-11 9:00,17.0
2018-11-12 10:00,0.0
2018-11-12 11:00,49.0
2018-11-12 12:00,46.0
2018-11-12 13:00,19.0
2018-11-12 14:00,39.0
2018-11-12 15:00,40.0
2018-11-12 16:00,82.0
2018-11-12 17:00,260.0
2018-11-12 18:00,5.0
2018-11-12 19:00,1.0
2018-11-12 21:00,0.0
2018-11-12 22:00,12.0
2018-11-12 23:00,0.0
2018-11-12 7:00,0.0
2018-11-12 8:00,53.0
2018-11-12 9:00,10.0
2018-11-13 10:00,15.0
2018-11-13 11:00,36.0
2018-11-13 12:00,60.0
2018-11-13 13:00,6.0
2018-11-13 14:00,70.0
2018-11-13 15:00,18.0
2018-11-13 16:00,951.0
2018-11-13 17:00,201.0
2018-11-13 18:00,0.0
2018-11-13 19:00,4.0
2018-11-13 20:00,7.0
2018-11-13 22:00,40.0
2018-11-13 23:00,14.0
2018-11-13 8:00,19.0
2018-11-13 9:00,48.0
2018-11-14 10:00,6.0
2018-11-14 11:00,0.0
2018-11-14 12:00,81.0
2018-11-14 13:00,4.0
2018-11-14 14:00,5.0
2018-11-14 15:00,85.0
2018-11-14 16:00,40.0
2018-11-14 17:00,44.0
2018-11-14 18:00,8.0
2018-11-14 19:00,12.0
2018-11-14 20:00,24.0
2018-11-14 21:00,25.0
2018-11-14 23:00,0.0
2018-11-14 8:00,9.0
2018-11-14 9:00,0.0
2018-11-15 10:00,33.0
2018-11-15 11:00,18.0
2018-11-15 12:00,22.0
2018-11-15 13:00,30.0
2018-11-15 14:00,18.0
2018-11-15 15:00,20.0
2018-11-15 16:00,74.0
2018-11-15 17:00,34.0
2018-11-15 18:00,29.0
2018-11-15 19:00,0.0
2018-11-15 20:00,0.0
2018-11-15 21:00,0.0
2018-11-15 22:00,5.0
2018-11-15 7:00,0.0
2018-11-15 8:00,6.0
2018-11-15 9:00,8.0
2018-11-16 10:00,1.0
2018-11-16 11:00,21.0
2018-11-16 12:00,53.0
2018-11-16 13:00,23.0
2018-11-16 14:00,9.0
2018-11-16 15:00,185.0
2018-11-16 16:00,141.0
2018-11-16 17:00,157.0
2018-11-16 18:00,12.0
2018-11-16 19:00,14.0
2018-11-16 20:00,31.0
2018-11-16 21:00,0.0
2018-11-16 23:00,9.0
2018-11-16 8:00,24.0
2018-11-16 9:00,73.0
2018-11-17 10:00,20.0
2018-11-17 11:00,0.0
2018-11-17 12:00,17.0
2018-11-17 13:00,6.0
2018-11-17 14:00,12.0
2018-11-17 15:00,35.0
2018-11-17 16:00,61.0
2018-11-17 17:00,1.0
2018-11-17 18:00,34.0
2018-11-17 19:00,0.0
2018-11-17 20:00,7.0
2018-11-17 9:00,0.0
2018-11-18 10:00,20.0
2018-11-18 11:00,28.0
2018-11-18 12:00,8.0
2018-11-18 13:00,35.0
2018-11-18 14:00,0.0
2018-11-18 15:00,0.0
2018-11-18 16:00,40.0
2018-11-18 17:00,0.0
2018-11-18 19:00,0.0
2018-11-18 21:00,14.0
2018-11-18 22:00,6.0
2018-11-18 23:00,0.0
2018-11-19 10:00,7.0
2018-11-19 11:00,29.0
2018-11-19 12:00,44.0
2018-11-19 13:00,31.0
2018-11-19 14:00,18.0
2018-11-19 15:00,32.0
2018-11-19 16:00,44.0
2018-11-19 17:00,9.0
2018-11-19 18:00,23.0
2018-11-19 19:00,19.0
2018-11-19 21:00,19.0
2018-11-19 22:00,5.0
2018-11-19 8:00,68.0
2018-11-19 9:00,9.0
2018-11-20 10:00,78.0
2018-11-20 11:00,90.0
2018-11-20 12:00,72.0
2018-11-20 13:00,3.0
2018-11-20 14:00,30.0
2018-11-20 15:00,39.0
2018-11-20 16:00,36.0
2018-11-20 17:00,108.0
2018-11-20 18:00,16.0
2018-11-20 19:00,3.0
2018-11-20 20:00,10.0
2018-11-20 21:00,0.0
2018-11-20 22:00,0.0
2018-11-20 23:00,7.0
2018-11-20 7:00,0.0
2018-11-20 8:00,1.0
2018-11-20 9:00,0.0
2018-11-21 10:00,0.0
2018-11-21 11:00,13.0
2018-11-21 12:00,22.0
2018-11-21 13:00,47.0
2018-11-21 14:00,54.0
2018-11-21 15:00,107.0
2018-11-21 16:00,49.0
2018-11-21 17:00,61.0
2018-11-21 18:00,32.0
2018-11-21 19:00,7.0
2018-11-21 20:00,2.0
2018-11-21 7:00,68.0
2018-11-21 8:00,8.0
2018-11-21 9:00,27.0
2018-11-22 10:00,3.0
2018-11-22 11:00,6.0
2018-11-22 12:00,54.0
2018-11-22 13:00,16.0
2018-11-22 14:00,26.0
2018-11-22 15:00,46.0
2018-11-22 16:00,24.0
2018-11-22 17:00,39.0
2018-11-22 18:00,10.0
2018-11-22 19:00,6.0
2018-11-22 20:00,6.0
2018-11-22 21:00,1.0
2018-11-22 23:00,3.0
2018-11-22 8:00,4.0
2018-11-22 9:00,12.0
2018-11-23 10:00,20.0
2018-11-23 11:00,24.0
2018-11-23 12:00,54.0
2018-11-23 13:00,34.0
2018-11-23 14:00,52.0
2018-11-23 15:00,34.0
2018-11-23 16:00,643.0
2018-11-23 17:00,37.0
2018-11-23 18:00,149.0
2018-11-23 19:00,13.0
2018-11-23 21:00,11.0
2018-11-23 8:00,30.0
2018-11-23 9:00,11.0
2018-11-24 10:00,8.0
2018-11-24 11:00,11.0
2018-11-24 12:00,9.0
2018-11-24 13:00,27.0
2018-11-24 14:00,93.0
2018-11-24 15:00,113.0
2018-11-24 16:00,48.0
2018-11-24 17:00,32.0
2018-11-24 19:00,6.0
2018-11-24 20:00,0.0
2018-11-24 22:00,7.0
2018-11-24 9:00,7.0
2018-11-25 0:00,2.0
2018-11-25 12:00,1.0
2018-11-25 13:00,2.0
2018-11-25 14:00,1.0
2018-11-25 15:00,3.0
2018-11-25 16:00,11.0
2018-11-25 17:00,10.0
2018-11-25 19:00,0.0
2018-11-26 10:00,7.0
2018-11-26 11:00,22.0
2018-11-26 12:00,7.0
2018-11-26 13:00,29.0
2018-11-26 14:00,15.0
2018-11-26 15:00,8.0
2018-11-26 16:00,90.0
2018-11-26 17:00,6.0
2018-11-26 18:00,3.0
2018-11-26 19:00,3.0
2018-11-26 20:00,40.0
2018-11-26 21:00,3.0
2018-11-26 22:00,3.0
2018-11-26 7:00,0.0
2018-11-26 8:00,36.0
2018-11-26 9:00,5.0
2018-11-27 10:00,71.0
2018-11-27 11:00,143.0
2018-11-27 12:00,43.0
2018-11-27 13:00,12.0
2018-11-27 14:00,75.0
2018-11-27 15:00,39.0
2018-11-27 16:00,30.0
2018-11-27 17:00,21.0
2018-11-27 18:00,19.0
2018-11-27 19:00,2.0
2018-11-27 20:00,0.0
2018-11-27 21:00,0.0
2018-11-27 22:00,0.0
2018-11-27 23:00,13.0
2018-11-27 8:00,9.0
2018-11-27 9:00,0.0
2018-11-28 10:00,39.0
2018-11-28 11:00,12.0
2018-11-28 12:00,53.0
2018-11-28 13:00,0.0
2018-11-28 14:00,116.0
2018-11-28 15:00,33.0
2018-11-28 16:00,5.0
2018-11-28 17:00,15.0
2018-11-28 18:00,6.0
2018-11-28 19:00,31.0
2018-11-28 20:00,5.0
2018-11-28 7:00,3.0
2018-11-28 8:00,17.0
2018-11-28 9:00,6.0
2018-11-29 10:00,4.0
2018-11-29 11:00,33.0
2018-11-29 12:00,61.0
2018-11-29 13:00,23.0
2018-11-29 14:00,3.0
2018-11-29 15:00,6.0
2018-11-29 16:00,30.0
2018-11-29 17:00,55.0
2018-11-29 18:00,19.0
2018-11-29 19:00,35.0
2018-11-29 20:00,8.0
2018-11-29 22:00,13.0
2018-11-29 23:00,0.0
2018-11-29 8:00,20.0
2018-11-29 9:00,32.0
2018-11-30 10:00,50.0
2018-11-30 11:00,32.0
2018-11-30 12:00,3.0
2018-11-30 13:00,101.0
2018-11-30 14:00,30.0
2018-11-30 15:00,64.0
2018-11-30 16:00,87.0
2018-11-30 17:00,18.0
2018-11-30 18:00,110.0
2018-11-30 19:00,20.0
2018-11-30 20:00,0.0
2018-11-30 21:00,19.0
2018-11-30 22:00,0.0
2018-11-30 23:00,0.0
2018-11-30 8:00,39.0
2018-11-30 9:00,104.0
2018-12-01 10:00,14.0
2018-12-01 11:00,0.0
2018-12-01 12:00,16.0
2018-12-01 13:00,30.0
2018-12-01 14:00,21.0
2018-12-01 15:00,22.0
2018-12-01 16:00,15.0
2018-12-01 17:00,47.0
2018-12-01 18:00,28.0
2018-12-01 19:00,0.0
2018-12-01 20:00,10.0
2018-12-01 23:00,10.0
2018-12-02 0:00,9.0
2018-12-02 10:00,2.0
2018-12-02 12:00,24.0
2018-12-02 14:00,10.0
2018-12-02 15:00,22.0
2018-12-02 16:00,0.0
2018-12-02 17:00,5.0
2018-12-02 18:00,24.0
2018-12-02 20:00,0.0
2018-12-02 6:00,0.0
2018-12-02 9:00,0.0
2018-12-03 10:00,37.0
2018-12-03 11:00,2.0
2018-12-03 12:00,22.0
2018-12-03 13:00,136.0
2018-12-03 14:00,141.0
2018-12-03 15:00,90.0
2018-12-03 16:00,76.0
2018-12-03 17:00,20.0
2018-12-03 18:00,106.0
2018-12-03 19:00,35.0
2018-12-03 20:00,3.0
2018-12-03 21:00,3.0
2018-12-03 23:00,3.0
2018-12-03 8:00,12.0
2018-12-03 9:00,35.0
2018-12-04 10:00,50.0
2018-12-04 11:00,3.0
2018-12-04 12:00,60.0
2018-12-04 13:00,32.0
2018-12-04 14:00,84.0
2018-12-04 15:00,73.0
2018-12-04 16:00,39.0
2018-12-04 17:00,161.0
2018-12-04 18:00,0.0
2018-12-04 19:00,0.0
2018-12-04 20:00,25.0
2018-12-04 21:00,0.0
2018-12-04 23:00,5.0
2018-12-04 7:00,0.0
2018-12-04 8:00,27.0
2018-12-04 9:00,183.0
2018-12-05 1:00,0.0
2018-12-06 10:00,7.0
2018-12-06 11:00,12.0
2018-12-06 12:00,9.0
2018-12-06 13:00,0.0
2018-12-06 14:00,237.0
2018-12-06 15:00,3.0
2018-12-06 16:00,185.0
2018-12-06 17:00,11.0
2018-12-06 18:00,16.0
2018-12-06 19:00,17.0
2018-12-06 20:00,23.0
2018-12-06 21:00,0.0
2018-12-06 22:00,0.0
2018-12-06 8:00,0.0
2018-12-06 9:00,18.0
2018-12-07 10:00,12.0
2018-12-07 11:00,57.0
2018-12-07 12:00,101.0
2018-12-07 13:00,27.0
2018-12-07 14:00,79.0
2018-12-07 15:00,286.0
2018-12-07 16:00,55.0
2018-12-07 17:00,32.0
2018-12-07 18:00,25.0
2018-12-07 19:00,12.0
2018-12-07 20:00,1.0
2018-12-07 21:00,0.0
2018-12-07 8:00,26.0
2018-12-07 9:00,38.0
2018-12-08 10:00,4.0
2018-12-08 11:00,5.0
2018-12-08 12:00,35.0
2018-12-08 13:00,22.0
2018-12-08 14:00,87.0
2018-12-08 15:00,44.0
2018-12-08 16:00,25.0
2018-12-08 17:00,105.0
2018-12-08 18:00,0.0
2018-12-08 19:00,24.0
2018-12-08 22:00,0.0
2018-12-08 23:00,10.0
2018-12-09 10:00,6.0
2018-12-09 11:00,6.0
2018-12-09 13:00,0.0
2018-12-09 14:00,4.0
2018-12-09 15:00,0.0
2018-12-09 16:00,3.0
2018-12-09 17:00,1.0
2018-12-09 19:00,0.0
2018-12-09 20:00,0.0
2018-12-09 22:00,0.0
2018-12-09 23:00,0.0
2018-12-10 0:00,0.0
2018-12-10 3:00,0.0
2018-12-11 10:00,10.0
2018-12-11 11:00,6.0
2018-12-11 12:00,62.0
2018-12-11 13:00,43.0
2018-12-11 14:00,94.0
2018-12-11 15:00,171.0
2018-12-11 16:00,71.0
2018-12-11 17:00,69.0
2018-12-11 18:00,110.0
2018-12-11 19:00,2.0
2018-12-11 20:00,2.0
2018-12-11 22:00,0.0
2018-12-11 8:00,15.0
2018-12-11 9:00,150.0
2018-12-12 10:00,12.0
2018-12-12 11:00,11.0
2018-12-12 12:00,11.0
2018-12-12 13:00,2.0
2018-12-12 14:00,60.0
2018-12-12 15:00,15.0
2018-12-12 16:00,35.0
2018-12-12 17:00,35.0
2018-12-12 18:00,32.0
2018-12-12 19:00,19.0
2018-12-12 20:00,0.0
2018-12-12 23:00,5.0
2018-12-12 8:00,13.0
2018-12-12 9:00,0.0
2018-12-13 10:00,10.0
2018-12-13 11:00,64.0
2018-12-13 12:00,4.0
2018-12-13 13:00,34.0
2018-12-13 14:00,22.0
2018-12-13 15:00,62.0
2018-12-13 16:00,16.0
2018-12-13 17:00,98.0
2018-12-13 18:00,20.0
2018-12-13 19:00,6.0
2018-12-13 20:00,21.0
2018-12-13 21:00,3.0
2018-12-13 22:00,15.0
2018-12-13 8:00,45.0
2018-12-13 9:00,14.0
2018-12-14 10:00,22.0
2018-12-14 11:00,10.0
2018-12-14 12:00,82.0
2018-12-14 13:00,0.0
2018-12-14 14:00,538.0
2018-12-14 15:00,38.0
2018-12-14 16:00,22.0
2018-12-14 17:00,30.0
2018-12-14 18:00,29.0
2018-12-14 19:00,11.0
2018-12-14 21:00,0.0
2018-12-14 22:00,3.0
2018-12-14 23:00,6.0
2018-12-14 8:00,18.0
2018-12-14 9:00,15.0
2018-12-15 10:00,9.0
2018-12-15 11:00,12.0
2018-12-15 12:00,1.0
2018-12-15 13:00,0.0
2018-12-15 14:00,0.0
2018-12-15 15:00,30.0
2018-12-15 16:00,17.0
2018-12-15 17:00,25.0
2018-12-15 18:00,0.0
2018-12-15 20:00,0.0
2018-12-15 22:00,0.0
2018-12-15 9:00,0.0
2018-12-16 12:00,0.0
2018-12-16 14:00,28.0
2018-12-16 15:00,0.0
2018-12-16 17:00,13.0
2018-12-16 18:00,12.0
2018-12-16 19:00,9.0
2018-12-16 20:00,0.0
2018-12-16 21:00,0.0
2018-12-17 0:00,4.0
2018-12-17 10:00,26.0
2018-12-17 11:00,24.0
2018-12-17 12:00,56.0
2018-12-17 13:00,434.0
2018-12-17 14:00,62.0
2018-12-17 15:00,39.0
2018-12-17 16:00,39.0
2018-12-17 17:00,14.0
2018-12-17 18:00,27.0
2018-12-17 20:00,2.0
2018-12-17 8:00,2.0
2018-12-17 9:00,86.0
2018-12-18 10:00,5919.0
2018-12-18 11:00,5950.0
2018-12-18 12:00,43.0
2018-12-18 13:00,23.0
2018-12-18 14:00,1007.0
2018-12-18 15:00,76.0
2018-12-18 16:00,447.0
2018-12-18 17:00,334.0
2018-12-18 18:00,65.0
2018-12-18 19:00,13.0
2018-12-18 20:00,0.0
2018-12-18 8:00,6701.0
2018-12-18 9:00,6687.0
2018-12-19 12:00,49.0
2018-12-19 13:00,1642.0
2018-12-19 14:00,634.0
2018-12-19 15:00,1932.0
2018-12-19 16:00,715.0
2018-12-19 17:00,8.0
2018-12-19 18:00,5.0
2018-12-19 8:00,257.0
2018-12-19 9:00,12.0
2018-12-20 10:00,156.0
2018-12-20 11:00,208.0
2018-12-20 12:00,0.0
2018-12-20 13:00,37.0
2018-12-20 14:00,53.0
2018-12-20 15:00,45.0
2018-12-20 16:00,47.0
2018-12-20 17:00,35.0
2018-12-20 18:00,21.0
2018-12-20 19:00,1.0
2018-12-20 8:00,7.0
2018-12-20 9:00,36.0
2018-12-21 10:00,3481.0
2018-12-21 11:00,4575.0
2018-12-21 12:00,15.0
2018-12-21 13:00,16.0
2018-12-21 14:00,43.0
2018-12-21 15:00,8.0
2018-12-21 16:00,154.0
2018-12-21 17:00,37.0
2018-12-21 18:00,6.0
2018-12-21 19:00,0.0
2018-12-21 8:00,35.0
2018-12-21 9:00,132.0
2018-12-22 11:00,60.0
2018-12-22 12:00,28.0
2018-12-22 13:00,256.0
2018-12-22 14:00,0.0
2018-12-22 15:00,52.0
2018-12-22 16:00,8.0
2018-12-22 17:00,3.0
2018-12-23 13:00,1.0
2018-12-23 14:00,15.0
2018-12-23 15:00,0.0
2018-12-23 16:00,3.0
2018-12-23 17:00,46.0
2018-12-24 11:00,0.0
2018-12-24 12:00,2.0
2018-12-24 13:00,17.0
2018-12-24 14:00,106.0
2018-12-24 15:00,93.0
2018-12-24 16:00,19.0
2018-12-24 17:00,0.0
2018-12-24 8:00,0.0
2018-12-25 10:00,72.0
2018-12-25 11:00,52.0
2018-12-25 13:00,32.0
2018-12-25 14:00,67.0
2018-12-25 15:00,29.0
2018-12-25 16:00,37.0
2018-12-25 17:00,42.0
2018-12-25 7:00,6.0
2018-12-25 8:00,24.0
2018-12-25 9:00,0.0
2018-12-26 10:00,63.0
2018-12-26 11:00,9.0
2018-12-26 12:00,54.0
2018-12-26 13:00,50.0
2018-12-26 14:00,154.0
2018-12-26 15:00,66.0
2018-12-26 16:00,54.0
2018-12-26 17:00,25.0
2018-12-27 11:00,7.0
2018-12-27 12:00,0.0
2018-12-27 13:00,0.0
2018-12-27 14:00,3427.0
2018-12-27 15:00,156.0
2018-12-27 16:00,210.0
2018-12-27 17:00,216.0
2018-12-27 18:00,0.0
2018-12-27 9:00,54.0
2018-12-28 10:00,4884.0
2018-12-28 11:00,14656.0
2018-12-28 12:00,0.0
2018-12-28 14:00,2266.0
2018-12-28 15:00,2.0
2018-12-28 16:00,28.0
2018-12-28 8:00,2046.0
2018-12-28 9:00,19534.0
2018-12-29 11:00,4.0
